timestamp,user,access_count,hour,location,ip_address
2025-12-16 16:53:54,admin_kimani,7,17,"Nairobi, KE",197.156.97.176
2026-01-07 09:39:54,dr_kamau,23,9,"Nairobi, KE",197.156.251.160
2025-12-20 10:48:54,admin_kimani,9,11,"Nairobi, KE",197.156.18.68
2025-12-12 13:37:54,receptionist_otieno,12,13,"Nairobi, KE",197.156.133.140
2025-12-20 12:45:54,receptionist_otieno,12,12,"Nairobi, KE",197.156.82.166
2025-12-09 09:00:54,receptionist_otieno,10,9,"Nairobi, KE",197.156.82.166
2026-01-04 10:55:54,admin_kimani,7,11,"Nairobi, KE",197.156.18.68
2026-01-04 08:18:54,nurse_wanjiru,10,8,"Nairobi, KE",197.156.18.68
2025-12-11 13:47:54,dr_kamau,21,14,"Nairobi, KE",197.156.148.146
2025-12-23 11:26:54,admin_kimani,6,11,"Nairobi, KE",197.156.82.166
2025-12-25 11:40:54,nurse_wanjiru,19,11,"Nairobi, KE",197.156.211.152
2025-12-20 14:21:54,nurse_wanjiru,19,14,"Nairobi, KE",197.156.73.65
2025-12-14 10:22:54,dr_kamau,27,10,"Nairobi, KE",197.156.18.68
2026-01-03 07:51:54,receptionist_otieno,12,8,"Nairobi, KE",197.156.251.160
2025-12-21 14:57:54,admin_kimani,7,15,"Nairobi, KE",197.156.148.146
2025-12-18 14:11:54,receptionist_otieno,12,14,"Nairobi, KE",197.156.133.140
2025-12-19 11:51:54,receptionist_otieno,13,12,"Nairobi, KE",197.156.111.136
2025-12-23 14:42:54,nurse_wanjiru,19,14,"Nairobi, KE",197.156.18.68
2025-12-09 11:20:54,admin_kimani,10,11,"Nairobi, KE",197.156.251.160
2025-12-16 08:08:54,nurse_wanjiru,15,8,"Nairobi, KE",197.156.73.65
2026-01-04 15:36:54,receptionist_otieno,9,15,"Nairobi, KE",197.156.148.146
2026-01-04 15:52:54,receptionist_otieno,9,16,"Nairobi, KE",197.156.145.54
2025-12-18 07:42:54,nurse_wanjiru,15,7,"Nairobi, KE",197.156.99.16
2025-12-26 10:24:54,nurse_wanjiru,15,10,"Nairobi, KE",197.156.54.119
2025-12-31 09:20:54,receptionist_otieno,12,9,"Nairobi, KE",197.156.237.110
2026-01-03 16:55:54,dr_kamau,19,17,"Nairobi, KE",197.156.211.152
2025-12-19 14:31:54,admin_kimani,8,14,"Nairobi, KE",197.156.97.176
2025-12-30 13:56:54,receptionist_otieno,14,14,"Nairobi, KE",197.156.28.231
2025-12-25 13:48:54,nurse_wanjiru,10,14,"Nairobi, KE",197.156.99.16
2026-01-04 07:24:54,nurse_wanjiru,9,7,"Nairobi, KE",197.156.18.68
2025-12-24 11:06:54,dr_kamau,31,11,"Nairobi, KE",197.156.133.140
2026-01-01 08:46:54,receptionist_otieno,14,8,"Nairobi, KE",197.156.73.65
2025-12-11 11:00:54,nurse_wanjiru,17,11,"Nairobi, KE",197.156.18.68
2025-12-19 07:23:54,nurse_wanjiru,14,7,"Nairobi, KE",197.156.82.166
2025-12-19 09:04:54,receptionist_otieno,10,9,"Nairobi, KE",197.156.97.176
2026-01-03 12:30:54,nurse_wanjiru,12,12,"Nairobi, KE",197.156.31.49
2025-12-13 09:38:54,admin_kimani,7,9,"Nairobi, KE",197.156.126.46
2025-12-25 09:13:54,nurse_wanjiru,8,9,"Nairobi, KE",197.156.148.146
2026-01-03 12:37:54,receptionist_otieno,13,12,"Nairobi, KE",197.156.224.7
2025-12-11 08:42:54,dr_kamau,19,8,"Nairobi, KE",197.156.145.54
2025-12-25 15:42:54,admin_kimani,5,15,"Nairobi, KE",197.156.119.192
2025-12-23 16:06:54,receptionist_otieno,7,16,"Nairobi, KE",197.156.224.7
2026-01-03 14:48:54,admin_kimani,7,15,"Nairobi, KE",197.156.31.49
2025-12-27 08:43:54,receptionist_otieno,10,8,"Nairobi, KE",197.156.215.59
2025-12-26 10:54:54,dr_kamau,20,11,"Nairobi, KE",197.156.211.230
2025-12-26 11:46:54,dr_kamau,29,11,"Nairobi, KE",197.156.251.160
2025-12-10 12:24:54,receptionist_otieno,12,12,"Nairobi, KE",197.156.97.176
2025-12-14 08:13:54,receptionist_otieno,15,8,"Nairobi, KE",197.156.31.49
2026-01-07 14:52:54,dr_kamau,20,15,"Nairobi, KE",197.156.126.46
2025-12-12 15:41:54,receptionist_otieno,12,15,"Nairobi, KE",197.156.224.7
2025-12-21 14:49:54,dr_kamau,26,15,"Nairobi, KE",197.156.145.54
2025-12-12 11:11:54,nurse_wanjiru,18,11,"Nairobi, KE",197.156.97.176
2026-01-06 14:18:54,receptionist_otieno,9,14,"Nairobi, KE",197.156.211.230
2025-12-18 12:39:54,admin_kimani,4,12,"Nairobi, KE",197.156.54.119
2025-12-25 09:50:54,nurse_wanjiru,12,10,"Nairobi, KE",197.156.28.231
2025-12-23 16:28:54,admin_kimani,9,16,"Nairobi, KE",197.156.18.68
2025-12-26 17:08:54,admin_kimani,9,17,"Nairobi, KE",197.156.18.68
2025-12-31 15:06:54,receptionist_otieno,9,15,"Nairobi, KE",197.156.126.46
2025-12-25 17:24:54,dr_kamau,23,17,"Nairobi, KE",197.156.31.49
2025-12-22 17:02:54,dr_kamau,21,17,"Nairobi, KE",197.156.251.160
2026-01-04 16:22:54,dr_kamau,26,16,"Nairobi, KE",197.156.237.110
2025-12-25 11:50:54,receptionist_otieno,15,12,"Nairobi, KE",197.156.211.152
2025-12-13 15:03:54,receptionist_otieno,8,15,"Nairobi, KE",197.156.224.7
2025-12-15 09:47:54,dr_kamau,27,10,"Nairobi, KE",197.156.148.146
2025-12-31 14:37:54,nurse_wanjiru,18,14,"Nairobi, KE",197.156.28.231
2026-01-04 16:10:54,dr_kamau,21,16,"Nairobi, KE",197.156.97.176
2025-12-14 08:34:54,receptionist_otieno,10,8,"Nairobi, KE",197.156.211.230
2025-12-30 16:38:54,dr_kamau,16,16,"Nairobi, KE",197.156.18.68
2025-12-26 11:12:54,admin_kimani,7,11,"Nairobi, KE",197.156.31.49
2026-01-04 10:53:54,admin_kimani,12,11,"Nairobi, KE",197.156.28.231
2025-12-14 10:16:54,admin_kimani,5,10,"Nairobi, KE",197.156.145.54
2026-01-04 16:00:54,dr_kamau,25,16,"Nairobi, KE",197.156.97.176
2025-12-12 13:35:54,receptionist_otieno,10,13,"Nairobi, KE",197.156.215.59
2025-12-21 11:15:54,receptionist_otieno,11,11,"Nairobi, KE",197.156.54.119
2025-12-26 11:00:54,nurse_wanjiru,14,11,"Nairobi, KE",197.156.99.16
2025-12-14 17:43:54,admin_kimani,7,17,"Nairobi, KE",197.156.73.65
2025-12-25 07:48:54,dr_kamau,24,8,"Nairobi, KE",197.156.111.136
2025-12-09 12:37:54,admin_kimani,10,12,"Nairobi, KE",197.156.97.176
2026-01-05 14:32:54,receptionist_otieno,16,14,"Nairobi, KE",197.156.111.136
2025-12-23 08:21:54,dr_kamau,16,8,"Nairobi, KE",197.156.73.65
2025-12-14 17:01:54,admin_kimani,7,17,"Nairobi, KE",197.156.54.119
2025-12-22 13:38:54,nurse_wanjiru,18,13,"Nairobi, KE",197.156.148.146
2025-12-17 11:29:54,nurse_wanjiru,17,11,"Nairobi, KE",197.156.237.110
2025-12-20 16:01:54,admin_kimani,4,16,"Nairobi, KE",197.156.97.176
2025-12-30 09:04:54,dr_kamau,19,9,"Nairobi, KE",197.156.145.54
2025-12-09 11:43:54,nurse_wanjiru,15,11,"Nairobi, KE",197.156.111.136
2025-12-09 10:57:54,receptionist_otieno,12,11,"Nairobi, KE",197.156.133.140
2025-12-26 16:39:54,receptionist_otieno,12,16,"Nairobi, KE",197.156.97.176
2025-12-14 08:38:54,dr_kamau,24,8,"Nairobi, KE",197.156.99.16
2025-12-09 17:39:54,admin_kimani,9,17,"Nairobi, KE",197.156.99.16
2025-12-24 16:41:54,admin_kimani,8,16,"Nairobi, KE",197.156.54.119
2026-01-03 07:57:54,dr_kamau,21,8,"Nairobi, KE",197.156.211.230
2025-12-26 17:39:54,dr_kamau,18,17,"Nairobi, KE",197.156.237.110
2025-12-28 16:34:54,receptionist_otieno,15,16,"Nairobi, KE",197.156.18.68
2026-01-06 10:05:54,receptionist_otieno,11,10,"Nairobi, KE",197.156.126.46
2026-01-06 09:32:54,dr_kamau,26,9,"Nairobi, KE",197.156.28.231
2025-12-21 11:58:54,nurse_wanjiru,15,12,"Nairobi, KE",197.156.224.7
2026-01-06 16:07:54,admin_kimani,9,16,"Nairobi, KE",197.156.111.136
2025-12-09 11:48:54,receptionist_otieno,12,12,"Nairobi, KE",197.156.99.16
2025-12-19 10:17:54,admin_kimani,8,10,"Nairobi, KE",197.156.145.54
2026-01-05 12:12:54,receptionist_otieno,9,12,"Nairobi, KE",197.156.97.176
2025-12-13 08:51:54,dr_kamau,18,9,"Nairobi, KE",197.156.251.160
2026-01-03 10:35:54,dr_kamau,25,10,"Nairobi, KE",197.156.82.166
2025-12-27 17:18:54,dr_kamau,21,17,"Nairobi, KE",197.156.73.65
2025-12-11 11:54:54,receptionist_otieno,14,12,"Nairobi, KE",197.156.251.160
2025-12-19 14:58:54,receptionist_otieno,12,15,"Nairobi, KE",197.156.119.192
2026-01-01 14:16:54,admin_kimani,5,14,"Nairobi, KE",197.156.18.68
2025-12-31 16:46:54,admin_kimani,7,16,"Nairobi, KE",197.156.148.146
2025-12-09 17:05:54,dr_kamau,23,17,"Nairobi, KE",197.156.215.59
2025-12-28 10:37:54,receptionist_otieno,11,10,"Nairobi, KE",197.156.18.68
2025-12-16 10:46:54,admin_kimani,8,10,"Nairobi, KE",197.156.211.230
2025-12-10 11:45:54,admin_kimani,7,11,"Nairobi, KE",197.156.145.54
2025-12-15 15:13:54,admin_kimani,10,15,"Nairobi, KE",197.156.119.192
2025-12-26 14:00:54,dr_kamau,31,14,"Nairobi, KE",197.156.211.152
2025-12-28 15:59:54,receptionist_otieno,13,16,"Nairobi, KE",197.156.111.136
2025-12-12 12:19:54,admin_kimani,8,12,"Nairobi, KE",197.156.99.16
2025-12-16 08:47:54,admin_kimani,5,9,"Nairobi, KE",197.156.54.119
2025-12-11 14:25:54,nurse_wanjiru,18,14,"Nairobi, KE",197.156.126.46
2025-12-15 11:33:54,admin_kimani,10,11,"Nairobi, KE",197.156.73.65
2026-01-02 15:34:54,admin_kimani,4,15,"Nairobi, KE",197.156.73.65
2025-12-20 06:49:54,nurse_wanjiru,15,7,"Nairobi, KE",197.156.211.152
2025-12-19 08:32:54,dr_kamau,23,8,"Nairobi, KE",197.156.211.230
2025-12-27 13:43:54,admin_kimani,6,13,"Nairobi, KE",197.156.31.49
2025-12-29 16:11:54,receptionist_otieno,9,16,"Nairobi, KE",197.156.148.146
2025-12-29 12:40:54,nurse_wanjiru,18,12,"Nairobi, KE",197.156.215.59
2025-12-29 08:05:54,receptionist_otieno,11,8,"Nairobi, KE",197.156.211.152
2026-01-01 09:24:54,admin_kimani,8,9,"Nairobi, KE",197.156.97.176
2025-12-23 09:10:54,receptionist_otieno,13,9,"Nairobi, KE",197.156.73.65
2025-12-24 12:10:54,admin_kimani,6,12,"Nairobi, KE",197.156.119.192
2026-01-01 16:39:54,receptionist_otieno,11,16,"Nairobi, KE",197.156.237.110
2026-01-07 08:09:54,nurse_wanjiru,11,8,"Nairobi, KE",197.156.97.176
2025-12-24 15:07:54,dr_kamau,25,15,"Nairobi, KE",197.156.145.54
2025-12-30 09:03:54,nurse_wanjiru,15,9,"Nairobi, KE",197.156.211.230
2025-12-27 11:00:54,receptionist_otieno,11,11,"Nairobi, KE",197.156.224.7
2026-01-07 10:05:54,dr_kamau,23,10,"Nairobi, KE",197.156.145.54
2025-12-31 09:14:54,dr_kamau,23,9,"Nairobi, KE",197.156.119.192
2025-12-18 12:53:54,nurse_wanjiru,17,13,"Nairobi, KE",197.156.82.166
2025-12-30 12:37:54,admin_kimani,9,12,"Nairobi, KE",197.156.215.59
2025-12-16 11:41:54,receptionist_otieno,12,11,"Nairobi, KE",197.156.119.192
2025-12-16 13:33:54,receptionist_otieno,16,13,"Nairobi, KE",197.156.28.231
2025-12-14 11:39:54,admin_kimani,6,11,"Nairobi, KE",197.156.145.54
2025-12-16 15:49:54,dr_kamau,24,16,"Nairobi, KE",197.156.148.146
2025-12-29 15:45:54,admin_kimani,5,15,"Nairobi, KE",197.156.224.7
2025-12-14 15:32:54,admin_kimani,7,15,"Nairobi, KE",197.156.31.49
2025-12-09 14:53:54,admin_kimani,6,15,"Nairobi, KE",197.156.145.54
2025-12-15 17:04:54,admin_kimani,6,17,"Nairobi, KE",197.156.97.176
2026-01-06 15:23:54,admin_kimani,6,15,"Nairobi, KE",197.156.82.166
2026-01-04 10:07:54,nurse_wanjiru,15,10,"Nairobi, KE",197.156.211.230
2025-12-13 10:04:54,receptionist_otieno,10,10,"Nairobi, KE",197.156.145.54
2025-12-31 10:22:54,admin_kimani,7,10,"Nairobi, KE",197.156.148.146
2025-12-16 09:20:54,receptionist_otieno,11,9,"Nairobi, KE",197.156.237.110
2025-12-20 08:23:54,dr_kamau,20,8,"Nairobi, KE",197.156.215.59
2025-12-13 15:59:54,dr_kamau,24,16,"Nairobi, KE",197.156.28.231
2025-12-29 14:09:54,dr_kamau,24,14,"Nairobi, KE",197.156.133.140
2025-12-30 09:47:54,nurse_wanjiru,15,10,"Nairobi, KE",197.156.211.152
2025-12-26 11:13:54,admin_kimani,11,11,"Nairobi, KE",197.156.224.7
2025-12-21 09:02:54,admin_kimani,9,9,"Nairobi, KE",197.156.251.160
2025-12-11 16:23:54,admin_kimani,6,16,"Nairobi, KE",197.156.31.49
2025-12-23 13:30:54,admin_kimani,7,13,"Nairobi, KE",197.156.145.54
2025-12-11 14:41:54,dr_kamau,31,14,"Nairobi, KE",197.156.215.59
2025-12-13 10:42:54,receptionist_otieno,10,10,"Nairobi, KE",197.156.73.65
2026-01-06 08:07:54,nurse_wanjiru,7,8,"Nairobi, KE",197.156.54.119
2025-12-24 07:36:54,nurse_wanjiru,16,7,"Nairobi, KE",197.156.126.46
2025-12-27 09:33:54,admin_kimani,7,9,"Nairobi, KE",197.156.97.176
2025-12-18 11:10:54,dr_kamau,23,11,"Nairobi, KE",197.156.126.46
2025-12-15 12:48:54,nurse_wanjiru,14,13,"Nairobi, KE",197.156.111.136
2025-12-14 09:47:54,nurse_wanjiru,16,10,"Nairobi, KE",197.156.28.231
2025-12-25 10:56:54,receptionist_otieno,13,11,"Nairobi, KE",197.156.97.176
2025-12-26 15:37:54,admin_kimani,4,15,"Nairobi, KE",197.156.145.54
2025-12-14 07:33:54,nurse_wanjiru,14,7,"Nairobi, KE",197.156.73.65
2025-12-11 15:41:54,dr_kamau,30,15,"Nairobi, KE",197.156.97.176
2025-12-25 12:58:54,admin_kimani,10,13,"Nairobi, KE",197.156.73.65
2026-01-06 08:53:54,nurse_wanjiru,18,9,"Nairobi, KE",197.156.73.65
2025-12-25 16:11:54,admin_kimani,7,16,"Nairobi, KE",197.156.145.54
2026-01-03 11:25:54,admin_kimani,9,11,"Nairobi, KE",197.156.237.110
2025-12-30 14:57:54,receptionist_otieno,10,15,"Nairobi, KE",197.156.237.110
2025-12-24 08:47:54,admin_kimani,5,9,"Nairobi, KE",197.156.73.65
2025-12-31 08:14:54,receptionist_otieno,10,8,"Nairobi, KE",197.156.126.46
2025-12-20 09:18:54,admin_kimani,7,9,"Nairobi, KE",197.156.251.160
2025-12-20 10:23:54,receptionist_otieno,12,10,"Nairobi, KE",197.156.99.16
2026-01-06 14:38:54,nurse_wanjiru,9,14,"Nairobi, KE",197.156.133.140
2025-12-11 12:30:54,admin_kimani,5,12,"Nairobi, KE",197.156.54.119
2026-01-03 10:07:54,nurse_wanjiru,18,10,"Nairobi, KE",197.156.145.54
2025-12-29 17:17:54,dr_kamau,28,17,"Nairobi, KE",197.156.99.16
2025-12-18 13:08:54,admin_kimani,3,13,"Nairobi, KE",197.156.211.230
2026-01-05 15:48:54,dr_kamau,31,16,"Nairobi, KE",197.156.111.136
2025-12-28 15:08:54,admin_kimani,8,15,"Nairobi, KE",197.156.215.59
2025-12-26 14:17:54,receptionist_otieno,10,14,"Nairobi, KE",197.156.18.68
2025-12-10 07:15:54,nurse_wanjiru,15,7,"Nairobi, KE",197.156.148.146
2025-12-21 16:16:54,admin_kimani,10,16,"Nairobi, KE",197.156.97.176
2025-12-20 08:00:54,dr_kamau,18,8,"Nairobi, KE",197.156.133.140
2025-12-23 11:36:54,admin_kimani,8,11,"Nairobi, KE",197.156.31.49
2025-12-26 08:28:54,nurse_wanjiru,16,8,"Nairobi, KE",197.156.237.110
2025-12-25 15:11:54,admin_kimani,13,15,"Nairobi, KE",197.156.73.65
2026-01-07 11:31:54,dr_kamau,33,11,"Nairobi, KE",197.156.126.46
2026-01-02 17:37:54,admin_kimani,3,17,"Nairobi, KE",197.156.18.68
2025-12-28 11:31:54,receptionist_otieno,10,11,"Nairobi, KE",197.156.211.230
2026-01-01 15:27:54,dr_kamau,27,15,"Nairobi, KE",197.156.251.160
2025-12-24 17:02:54,dr_kamau,18,17,"Nairobi, KE",197.156.133.140
2025-12-10 08:02:54,nurse_wanjiru,15,8,"Nairobi, KE",197.156.28.231
2025-12-20 16:02:54,dr_kamau,26,16,"Nairobi, KE",197.156.237.110
2025-12-16 08:51:54,admin_kimani,8,9,"Nairobi, KE",197.156.99.16
2026-01-03 13:56:54,receptionist_otieno,12,14,"Nairobi, KE",197.156.211.152
2026-01-01 14:32:54,receptionist_otieno,11,14,"Nairobi, KE",197.156.111.136
2025-12-30 07:24:54,nurse_wanjiru,16,7,"Nairobi, KE",197.156.145.54
2025-12-17 08:19:54,dr_kamau,21,8,"Nairobi, KE",197.156.237.110
2025-12-14 16:50:54,dr_kamau,23,17,"Nairobi, KE",197.156.31.49
2025-12-18 13:07:54,receptionist_otieno,12,13,"Nairobi, KE",197.156.211.230
2026-01-01 10:46:54,admin_kimani,7,10,"Nairobi, KE",197.156.145.54
2026-01-07 16:33:54,admin_kimani,6,16,"Nairobi, KE",197.156.119.192
2025-12-24 14:29:54,dr_kamau,19,14,"Nairobi, KE",197.156.211.152
2025-12-17 08:52:54,admin_kimani,9,9,"Nairobi, KE",197.156.126.46
2026-01-03 10:36:54,receptionist_otieno,12,10,"Nairobi, KE",197.156.99.16
2026-01-05 10:42:54,admin_kimani,7,10,"Nairobi, KE",197.156.148.146
2025-12-27 11:29:54,dr_kamau,20,11,"Nairobi, KE",197.156.133.140
2025-12-12 11:02:54,receptionist_otieno,11,11,"Nairobi, KE",197.156.133.140
2025-12-30 10:30:54,nurse_wanjiru,13,10,"Nairobi, KE",197.156.28.231
2026-01-02 15:33:54,dr_kamau,27,15,"Nairobi, KE",197.156.31.49
2025-12-16 10:54:54,receptionist_otieno,9,11,"Nairobi, KE",197.156.31.49
2025-12-20 10:12:54,admin_kimani,7,10,"Nairobi, KE",197.156.133.140
2025-12-10 11:21:54,admin_kimani,8,11,"Nairobi, KE",197.156.82.166
2026-01-01 15:29:54,dr_kamau,21,15,"Nairobi, KE",197.156.82.166
2025-12-18 14:22:54,admin_kimani,7,14,"Nairobi, KE",197.156.18.68
2025-12-14 09:42:54,receptionist_otieno,12,9,"Nairobi, KE",197.156.237.110
2025-12-19 07:39:54,nurse_wanjiru,19,7,"Nairobi, KE",197.156.111.136
2025-12-22 11:23:54,receptionist_otieno,12,11,"Nairobi, KE",197.156.31.49
2026-01-02 13:20:54,nurse_wanjiru,14,13,"Nairobi, KE",197.156.133.140
2025-12-27 14:57:54,admin_kimani,6,15,"Nairobi, KE",197.156.97.176
2025-12-18 11:03:54,dr_kamau,25,11,"Nairobi, KE",197.156.251.160
2026-01-07 15:27:54,admin_kimani,9,15,"Nairobi, KE",197.156.28.231
2025-12-26 17:37:54,dr_kamau,26,17,"Nairobi, KE",197.156.82.166
2025-12-14 10:30:54,dr_kamau,30,10,"Nairobi, KE",197.156.82.166
2025-12-14 12:45:54,receptionist_otieno,10,12,"Nairobi, KE",197.156.99.16
2026-01-02 11:58:54,admin_kimani,7,12,"Nairobi, KE",197.156.73.65
2026-01-06 12:06:54,receptionist_otieno,12,12,"Nairobi, KE",197.156.126.46
2025-12-24 08:22:54,dr_kamau,17,8,"Nairobi, KE",197.156.211.230
2025-12-20 11:49:54,nurse_wanjiru,15,12,"Nairobi, KE",197.156.73.65
2025-12-22 11:39:54,admin_kimani,7,11,"Nairobi, KE",197.156.97.176
2026-01-07 10:00:54,nurse_wanjiru,17,10,"Nairobi, KE",197.156.237.110
2025-12-22 10:53:54,admin_kimani,7,11,"Nairobi, KE",197.156.251.160
2025-12-16 15:10:54,receptionist_otieno,15,15,"Nairobi, KE",197.156.224.7
2025-12-30 07:19:54,nurse_wanjiru,16,7,"Nairobi, KE",197.156.126.46
2025-12-14 11:15:54,nurse_wanjiru,20,11,"Nairobi, KE",197.156.97.176
2025-12-16 08:01:54,receptionist_otieno,10,8,"Nairobi, KE",197.156.54.119
2026-01-05 09:00:54,admin_kimani,4,9,"Nairobi, KE",197.156.126.46
2025-12-17 13:13:54,nurse_wanjiru,13,13,"Nairobi, KE",197.156.31.49
2025-12-18 14:27:54,nurse_wanjiru,8,14,"Nairobi, KE",197.156.145.54
2025-12-12 10:13:54,dr_kamau,23,10,"Nairobi, KE",197.156.148.146
2025-12-21 12:08:54,receptionist_otieno,11,12,"Nairobi, KE",197.156.148.146
2025-12-26 10:19:54,dr_kamau,27,10,"Nairobi, KE",197.156.31.49
2025-12-22 15:40:54,dr_kamau,21,15,"Nairobi, KE",197.156.148.146
2025-12-18 14:59:54,dr_kamau,20,15,"Nairobi, KE",197.156.82.166
2025-12-12 15:22:54,receptionist_otieno,10,15,"Nairobi, KE",197.156.97.176
2025-12-25 13:42:54,admin_kimani,10,13,"Nairobi, KE",197.156.215.59
2025-12-18 17:30:54,dr_kamau,31,17,"Nairobi, KE",197.156.224.7
2026-01-04 17:11:54,dr_kamau,28,17,"Nairobi, KE",197.156.111.136
2026-01-06 17:17:54,admin_kimani,7,17,"Nairobi, KE",197.156.73.65
2026-01-04 11:35:54,receptionist_otieno,10,11,"Nairobi, KE",197.156.145.54
2025-12-29 09:51:54,admin_kimani,6,10,"Nairobi, KE",197.156.148.146
2025-12-27 17:15:54,dr_kamau,26,17,"Nairobi, KE",197.156.97.176
2025-12-10 11:44:54,admin_kimani,8,11,"Nairobi, KE",197.156.145.54
2025-12-28 15:08:54,dr_kamau,31,15,"Nairobi, KE",197.156.82.166
2025-12-28 13:24:54,nurse_wanjiru,10,13,"Nairobi, KE",197.156.31.49
2025-12-24 07:44:54,nurse_wanjiru,16,7,"Nairobi, KE",197.156.133.140
2025-12-16 13:16:54,receptionist_otieno,9,13,"Nairobi, KE",197.156.211.230
2025-12-30 17:27:54,admin_kimani,9,17,"Nairobi, KE",197.156.111.136
2025-12-17 11:33:54,receptionist_otieno,11,11,"Nairobi, KE",197.156.54.119
2026-01-01 16:29:54,admin_kimani,6,16,"Nairobi, KE",197.156.18.68
2025-12-22 10:13:54,nurse_wanjiru,11,10,"Nairobi, KE",197.156.119.192
2025-12-10 08:15:54,receptionist_otieno,12,8,"Nairobi, KE",197.156.119.192
2025-12-22 13:05:54,admin_kimani,8,13,"Nairobi, KE",197.156.111.136
2025-12-28 16:59:54,dr_kamau,27,17,"Nairobi, KE",197.156.224.7
2025-12-13 13:48:54,receptionist_otieno,11,14,"Nairobi, KE",197.156.73.65
2025-12-18 09:35:54,dr_kamau,33,9,"Nairobi, KE",197.156.224.7
2025-12-10 08:36:54,dr_kamau,24,8,"Nairobi, KE",197.156.224.7
2025-12-29 07:55:54,dr_kamau,33,8,"Nairobi, KE",197.156.73.65
2026-01-01 07:52:54,nurse_wanjiru,12,8,"Nairobi, KE",197.156.133.140
2026-01-03 16:51:54,dr_kamau,26,17,"Nairobi, KE",197.156.99.16
2025-12-09 12:24:54,admin_kimani,6,12,"Nairobi, KE",197.156.251.160
2026-01-05 13:32:54,nurse_wanjiru,15,13,"Nairobi, KE",197.156.18.68
2025-12-26 10:10:54,receptionist_otieno,15,10,"Nairobi, KE",197.156.251.160
2025-12-12 13:36:54,nurse_wanjiru,12,13,"Nairobi, KE",197.156.224.7
2025-12-30 09:12:54,dr_kamau,28,9,"Nairobi, KE",197.156.211.152
2025-12-17 16:37:54,receptionist_otieno,10,16,"Nairobi, KE",197.156.148.146
2025-12-25 12:00:54,receptionist_otieno,14,12,"Nairobi, KE",197.156.133.140
2025-12-13 12:23:54,nurse_wanjiru,15,12,"Nairobi, KE",197.156.211.152
2025-12-22 10:55:54,nurse_wanjiru,14,11,"Nairobi, KE",197.156.28.231
2025-12-23 14:46:54,receptionist_otieno,11,14,"Nairobi, KE",197.156.97.176
2025-12-26 16:03:54,dr_kamau,21,16,"Nairobi, KE",197.156.145.54
2026-01-01 12:48:54,admin_kimani,10,13,"Nairobi, KE",197.156.31.49
2025-12-18 13:33:54,receptionist_otieno,13,13,"Nairobi, KE",197.156.224.7
2025-12-26 12:26:54,admin_kimani,12,12,"Nairobi, KE",197.156.211.152
2025-12-24 14:24:54,dr_kamau,29,14,"Nairobi, KE",197.156.237.110
2025-12-16 11:12:54,admin_kimani,10,11,"Nairobi, KE",197.156.97.176
2026-01-01 15:22:54,receptionist_otieno,11,15,"Nairobi, KE",197.156.97.176
2025-12-22 08:51:54,dr_kamau,27,9,"Nairobi, KE",197.156.82.166
2025-12-24 09:29:54,nurse_wanjiru,9,9,"Nairobi, KE",197.156.54.119
2026-01-07 13:19:54,admin_kimani,3,13,"Nairobi, KE",197.156.148.146
2026-01-01 15:07:54,admin_kimani,9,15,"Nairobi, KE",197.156.126.46
2025-12-12 13:42:54,admin_kimani,10,13,"Nairobi, KE",197.156.18.68
2025-12-09 11:23:54,receptionist_otieno,14,11,"Nairobi, KE",197.156.148.146
2025-12-15 08:30:54,receptionist_otieno,11,8,"Nairobi, KE",197.156.224.7
2026-01-01 12:46:54,receptionist_otieno,10,12,"Nairobi, KE",197.156.54.119
2025-12-23 17:35:54,dr_kamau,28,17,"Nairobi, KE",197.156.133.140
2025-12-20 13:53:54,admin_kimani,8,14,"Nairobi, KE",197.156.215.59
2025-12-17 08:38:54,receptionist_otieno,12,8,"Nairobi, KE",197.156.119.192
2025-12-31 07:51:54,dr_kamau,11,8,"Nairobi, KE",197.156.119.192
2025-12-18 16:20:54,admin_kimani,7,16,"Nairobi, KE",197.156.111.136
2025-12-10 15:08:54,receptionist_otieno,12,15,"Nairobi, KE",197.156.119.192
2025-12-14 10:33:54,receptionist_otieno,9,10,"Nairobi, KE",197.156.126.46
2025-12-14 14:50:54,receptionist_otieno,12,15,"Nairobi, KE",197.156.82.166
2026-01-05 08:41:54,nurse_wanjiru,13,8,"Nairobi, KE",197.156.111.136
2025-12-16 10:08:54,receptionist_otieno,11,10,"Nairobi, KE",197.156.148.146
2025-12-11 09:34:54,admin_kimani,7,9,"Nairobi, KE",197.156.111.136
2026-01-07 16:16:54,admin_kimani,8,16,"Nairobi, KE",197.156.119.192
2025-12-28 08:21:54,dr_kamau,30,8,"Nairobi, KE",197.156.28.231
2025-12-19 13:16:54,receptionist_otieno,8,13,"Nairobi, KE",197.156.211.230
2025-12-28 15:04:54,admin_kimani,9,15,"Nairobi, KE",197.156.119.192
2026-01-01 08:00:54,dr_kamau,25,8,"Nairobi, KE",197.156.97.176
2026-01-07 15:54:54,receptionist_otieno,13,16,"Nairobi, KE",197.156.54.119
2026-01-03 10:29:54,nurse_wanjiru,7,10,"Nairobi, KE",197.156.215.59
2025-12-18 10:52:54,receptionist_otieno,10,11,"Nairobi, KE",197.156.111.136
2026-01-01 12:25:54,nurse_wanjiru,17,12,"Nairobi, KE",197.156.73.65
2025-12-18 15:21:54,dr_kamau,28,15,"Nairobi, KE",197.156.119.192
2025-12-28 16:16:54,admin_kimani,9,16,"Nairobi, KE",197.156.73.65
2025-12-27 14:54:54,receptionist_otieno,10,15,"Nairobi, KE",197.156.126.46
2025-12-18 08:49:54,nurse_wanjiru,11,9,"Nairobi, KE",197.156.28.231
2025-12-19 14:44:54,nurse_wanjiru,12,14,"Nairobi, KE",197.156.97.176
2026-01-03 12:03:54,receptionist_otieno,11,12,"Nairobi, KE",197.156.31.49
2026-01-03 10:35:54,dr_kamau,19,10,"Nairobi, KE",197.156.99.16
2025-12-22 13:28:54,receptionist_otieno,9,13,"Nairobi, KE",197.156.215.59
2025-12-11 14:33:54,nurse_wanjiru,18,14,"Nairobi, KE",197.156.215.59
2025-12-10 17:15:54,dr_kamau,29,17,"Nairobi, KE",197.156.237.110
2025-12-22 10:18:54,nurse_wanjiru,20,10,"Nairobi, KE",197.156.126.46
2025-12-23 15:59:54,receptionist_otieno,15,16,"Nairobi, KE",197.156.31.49
2025-12-10 17:20:54,dr_kamau,29,17,"Nairobi, KE",197.156.148.146
2025-12-23 12:41:54,admin_kimani,6,12,"Nairobi, KE",197.156.119.192
2026-01-05 13:59:54,admin_kimani,7,14,"Nairobi, KE",197.156.119.192
2026-01-04 08:38:54,receptionist_otieno,14,8,"Nairobi, KE",197.156.211.152
2025-12-09 06:52:54,nurse_wanjiru,15,7,"Nairobi, KE",197.156.211.152
2025-12-31 16:45:54,receptionist_otieno,11,16,"Nairobi, KE",197.156.126.46
2026-01-03 14:19:54,nurse_wanjiru,13,14,"Nairobi, KE",197.156.18.68
2025-12-12 17:30:54,admin_kimani,11,17,"Nairobi, KE",197.156.82.166
2025-12-26 07:55:54,nurse_wanjiru,17,8,"Nairobi, KE",197.156.215.59
2025-12-30 12:42:54,admin_kimani,7,12,"Nairobi, KE",197.156.133.140
2025-12-11 14:05:54,nurse_wanjiru,12,14,"Nairobi, KE",197.156.111.136
2025-12-13 14:14:54,nurse_wanjiru,13,14,"Nairobi, KE",197.156.97.176
2026-01-02 16:32:54,receptionist_otieno,13,16,"Nairobi, KE",197.156.119.192
2025-12-11 07:49:54,nurse_wanjiru,11,8,"Nairobi, KE",197.156.133.140
2025-12-13 14:20:54,receptionist_otieno,13,14,"Nairobi, KE",197.156.82.166
2025-12-23 14:25:54,receptionist_otieno,10,14,"Nairobi, KE",197.156.119.192
2026-01-05 15:42:54,admin_kimani,5,15,"Nairobi, KE",197.156.215.59
2026-01-03 14:30:54,receptionist_otieno,11,14,"Nairobi, KE",197.156.126.46
2026-01-06 09:29:54,dr_kamau,25,9,"Nairobi, KE",197.156.224.7
2026-01-03 15:41:54,dr_kamau,25,15,"Nairobi, KE",197.156.82.166
2025-12-27 13:51:54,nurse_wanjiru,13,14,"Nairobi, KE",197.156.111.136
2025-12-22 16:39:54,receptionist_otieno,11,16,"Nairobi, KE",197.156.133.140
2026-01-04 14:43:54,dr_kamau,31,14,"Nairobi, KE",197.156.82.166
2025-12-26 09:13:54,receptionist_otieno,9,9,"Nairobi, KE",197.156.73.65
2026-01-07 11:27:54,nurse_wanjiru,11,11,"Nairobi, KE",197.156.211.152
2025-12-10 15:35:54,receptionist_otieno,8,15,"Nairobi, KE",197.156.215.59
2025-12-21 09:56:54,admin_kimani,12,10,"Nairobi, KE",197.156.126.46
2025-12-26 10:10:54,nurse_wanjiru,18,10,"Nairobi, KE",197.156.99.16
2025-12-14 07:26:54,nurse_wanjiru,15,7,"Nairobi, KE",197.156.126.46
2025-12-11 13:01:54,nurse_wanjiru,17,13,"Nairobi, KE",197.156.126.46
2025-12-12 07:29:54,nurse_wanjiru,16,7,"Nairobi, KE",197.156.82.166
2025-12-22 12:24:54,receptionist_otieno,11,12,"Nairobi, KE",197.156.211.152
2025-12-20 11:11:54,admin_kimani,9,11,"Nairobi, KE",197.156.148.146
2025-12-31 10:29:54,receptionist_otieno,12,10,"Nairobi, KE",197.156.99.16
2026-01-07 14:22:54,receptionist_otieno,16,14,"Nairobi, KE",197.156.211.152
2025-12-21 08:34:54,dr_kamau,29,8,"Nairobi, KE",197.156.18.68
2025-12-29 11:42:54,receptionist_otieno,16,11,"Nairobi, KE",197.156.211.152
2025-12-09 10:04:54,receptionist_otieno,13,10,"Nairobi, KE",197.156.97.176
2025-12-27 09:51:54,receptionist_otieno,12,10,"Nairobi, KE",197.156.119.192
2026-01-07 13:43:54,nurse_wanjiru,19,13,"Nairobi, KE",197.156.211.230
2025-12-27 11:07:54,admin_kimani,7,11,"Nairobi, KE",197.156.97.176
2025-12-24 12:43:54,nurse_wanjiru,11,12,"Nairobi, KE",197.156.82.166
2026-01-01 12:53:54,nurse_wanjiru,12,13,"Nairobi, KE",197.156.126.46
2025-12-10 17:37:54,dr_kamau,24,17,"Nairobi, KE",197.156.133.140
2025-12-23 08:41:54,nurse_wanjiru,13,8,"Nairobi, KE",197.156.145.54
2025-12-20 09:21:54,admin_kimani,6,9,"Nairobi, KE",197.156.97.176
2025-12-12 08:38:54,dr_kamau,25,8,"Nairobi, KE",197.156.148.146
2025-12-27 10:41:54,nurse_wanjiru,19,10,"Nairobi, KE",197.156.237.110
2025-12-18 09:03:54,receptionist_otieno,12,9,"Nairobi, KE",197.156.31.49
2025-12-24 14:43:54,nurse_wanjiru,12,14,"Nairobi, KE",197.156.211.152
2025-12-20 16:56:54,admin_kimani,8,17,"Nairobi, KE",197.156.126.46
2026-01-06 10:34:54,receptionist_otieno,9,10,"Nairobi, KE",197.156.211.152
2025-12-20 07:53:54,dr_kamau,25,8,"Nairobi, KE",197.156.211.152
2025-12-15 09:02:54,dr_kamau,21,9,"Nairobi, KE",197.156.145.54
2025-12-16 11:00:54,dr_kamau,24,11,"Nairobi, KE",197.156.145.54
2025-12-22 10:29:54,admin_kimani,3,10,"Nairobi, KE",197.156.126.46
2025-12-21 11:05:54,nurse_wanjiru,13,11,"Nairobi, KE",197.156.82.166
2025-12-09 14:33:54,receptionist_otieno,10,14,"Nairobi, KE",197.156.145.54
2025-12-10 12:38:54,nurse_wanjiru,17,12,"Nairobi, KE",197.156.145.54
2025-12-22 14:09:54,receptionist_otieno,11,14,"Nairobi, KE",197.156.251.160
2026-01-04 10:13:54,dr_kamau,24,10,"Nairobi, KE",197.156.73.65
2025-12-13 14:20:54,nurse_wanjiru,16,14,"Nairobi, KE",197.156.31.49
2026-01-05 16:22:54,dr_kamau,28,16,"Nairobi, KE",197.156.215.59
2026-01-02 10:03:54,nurse_wanjiru,12,10,"Nairobi, KE",197.156.73.65
2025-12-30 09:46:54,dr_kamau,24,9,"Nairobi, KE",197.156.73.65
2025-12-28 16:18:54,admin_kimani,5,16,"Nairobi, KE",197.156.73.65
2025-12-20 14:11:54,dr_kamau,21,14,"Nairobi, KE",197.156.237.110
2025-12-09 10:17:54,nurse_wanjiru,16,10,"Nairobi, KE",197.156.145.54
2026-01-04 13:46:54,nurse_wanjiru,14,13,"Nairobi, KE",197.156.211.230
2026-01-02 13:49:54,dr_kamau,30,14,"Nairobi, KE",197.156.251.160
2026-01-01 14:07:54,dr_kamau,21,14,"Nairobi, KE",197.156.82.166
2025-12-10 14:34:54,admin_kimani,9,14,"Nairobi, KE",197.156.111.136
2025-12-17 07:59:54,receptionist_otieno,15,8,"Nairobi, KE",197.156.99.16
2025-12-10 08:35:54,nurse_wanjiru,15,8,"Nairobi, KE",197.156.211.230
2026-01-05 14:20:54,admin_kimani,12,14,"Nairobi, KE",197.156.28.231
2025-12-10 15:59:54,receptionist_otieno,13,16,"Nairobi, KE",197.156.54.119
2025-12-22 16:38:54,receptionist_otieno,12,16,"Nairobi, KE",197.156.133.140
2026-01-03 15:14:54,dr_kamau,14,15,"Nairobi, KE",197.156.224.7
2025-12-12 11:39:54,admin_kimani,8,11,"Nairobi, KE",197.156.119.192
2025-12-29 10:32:54,nurse_wanjiru,11,10,"Nairobi, KE",197.156.28.231
2026-01-03 15:42:54,receptionist_otieno,13,15,"Nairobi, KE",197.156.224.7
2026-01-03 10:47:54,admin_kimani,5,11,"Nairobi, KE",197.156.28.231
2025-12-09 14:51:54,receptionist_otieno,10,15,"Nairobi, KE",197.156.97.176
2025-12-25 14:10:54,nurse_wanjiru,19,14,"Nairobi, KE",197.156.119.192
2025-12-20 10:33:54,admin_kimani,6,10,"Nairobi, KE",197.156.215.59
2025-12-18 12:57:54,admin_kimani,7,13,"Nairobi, KE",197.156.215.59
2025-12-27 11:37:54,receptionist_otieno,11,11,"Nairobi, KE",197.156.111.136
2025-12-11 08:58:54,receptionist_otieno,9,9,"Nairobi, KE",197.156.97.176
2025-12-20 08:33:54,dr_kamau,22,8,"Nairobi, KE",197.156.145.54
2025-12-20 11:59:54,admin_kimani,7,12,"Nairobi, KE",197.156.211.152
2025-12-23 09:54:54,dr_kamau,26,10,"Nairobi, KE",197.156.251.160
2025-12-29 16:53:54,dr_kamau,25,17,"Nairobi, KE",197.156.73.65
2025-12-17 07:23:54,nurse_wanjiru,11,7,"Nairobi, KE",197.156.73.65
2025-12-09 08:24:54,dr_kamau,26,8,"Nairobi, KE",197.156.215.59
2025-12-30 10:20:54,nurse_wanjiru,16,10,"Nairobi, KE",197.156.224.7
2026-01-03 08:04:54,receptionist_otieno,9,8,"Nairobi, KE",197.156.31.49
2025-12-25 08:47:54,receptionist_otieno,13,9,"Nairobi, KE",197.156.133.140
2025-12-18 16:55:54,admin_kimani,6,17,"Nairobi, KE",197.156.211.152
2026-01-07 09:31:54,admin_kimani,8,9,"Nairobi, KE",197.156.126.46
2026-01-02 09:29:54,admin_kimani,5,9,"Nairobi, KE",197.156.126.46
2025-12-17 13:18:54,nurse_wanjiru,17,13,"Nairobi, KE",197.156.251.160
2025-12-31 11:43:54,dr_kamau,24,11,"Nairobi, KE",197.156.111.136
2025-12-17 12:41:54,receptionist_otieno,12,12,"Nairobi, KE",197.156.224.7
2025-12-23 13:07:54,nurse_wanjiru,17,13,"Nairobi, KE",197.156.211.152
2025-12-24 13:47:54,dr_kamau,22,14,"Nairobi, KE",197.156.54.119
2025-12-25 11:59:54,nurse_wanjiru,17,12,"Nairobi, KE",197.156.111.136
2026-01-05 10:25:54,dr_kamau,18,10,"Nairobi, KE",197.156.237.110
2025-12-25 07:33:54,nurse_wanjiru,12,7,"Nairobi, KE",197.156.31.49
2025-12-11 14:13:54,admin_kimani,9,14,"Nairobi, KE",197.156.148.146
2025-12-22 12:54:54,nurse_wanjiru,13,13,"Nairobi, KE",197.156.215.59
2025-12-28 10:59:54,admin_kimani,2,11,"Nairobi, KE",197.156.133.140
2025-12-15 13:26:54,nurse_wanjiru,16,13,"Nairobi, KE",197.156.251.160
2025-12-17 12:44:54,receptionist_otieno,13,12,"Nairobi, KE",197.156.215.59
2025-12-19 09:46:54,admin_kimani,10,9,"Nairobi, KE",197.156.82.166
2025-12-25 16:40:54,admin_kimani,4,16,"Nairobi, KE",197.156.97.176
2025-12-26 14:54:54,dr_kamau,17,15,"Nairobi, KE",197.156.133.140
2025-12-23 17:37:54,dr_kamau,21,17,"Nairobi, KE",197.156.145.54
2025-12-26 07:11:54,nurse_wanjiru,13,7,"Nairobi, KE",197.156.73.65
2026-01-05 12:24:54,admin_kimani,11,12,"Nairobi, KE",197.156.133.140
2025-12-11 14:24:54,dr_kamau,19,14,"Nairobi, KE",197.156.237.110
2025-12-12 12:53:54,admin_kimani,7,13,"Nairobi, KE",197.156.126.46
2025-12-31 14:37:54,admin_kimani,4,14,"Nairobi, KE",197.156.119.192
2025-12-26 16:41:54,dr_kamau,24,16,"Nairobi, KE",197.156.119.192
2025-12-09 16:05:54,admin_kimani,9,16,"Nairobi, KE",197.156.82.166
2026-01-02 11:29:54,receptionist_otieno,13,11,"Nairobi, KE",197.156.82.166
2025-12-10 11:21:54,nurse_wanjiru,13,11,"Nairobi, KE",197.156.28.231
2025-12-23 09:38:54,admin_kimani,13,9,"Nairobi, KE",197.156.73.65
2025-12-31 11:28:54,dr_kamau,32,11,"Nairobi, KE",197.156.126.46
2025-12-18 09:06:54,nurse_wanjiru,16,9,"Nairobi, KE",197.156.18.68
2025-12-17 09:13:54,nurse_wanjiru,14,9,"Nairobi, KE",197.156.82.166
2025-12-14 14:06:54,admin_kimani,8,14,"Nairobi, KE",197.156.237.110
2025-12-10 10:13:54,dr_kamau,23,10,"Nairobi, KE",197.156.54.119
2025-12-10 15:23:54,admin_kimani,7,15,"Nairobi, KE",197.156.211.230
2025-12-26 13:03:54,admin_kimani,10,13,"Nairobi, KE",197.156.126.46
2025-12-14 16:16:54,dr_kamau,25,16,"Nairobi, KE",197.156.73.65
2025-12-23 13:15:54,nurse_wanjiru,12,13,"Nairobi, KE",197.156.126.46
2025-12-13 12:50:54,receptionist_otieno,14,13,"Nairobi, KE",197.156.224.7
2025-12-19 09:28:54,admin_kimani,10,9,"Nairobi, KE",197.156.18.68
2025-12-23 16:58:54,admin_kimani,10,17,"Nairobi, KE",197.156.211.152
2025-12-09 12:05:54,admin_kimani,8,12,"Nairobi, KE",197.156.211.152
2026-01-04 14:12:54,admin_kimani,9,14,"Nairobi, KE",197.156.97.176
2026-01-05 11:03:54,admin_kimani,10,11,"Nairobi, KE",197.156.224.7
2026-01-06 14:22:54,dr_kamau,33,14,"Nairobi, KE",197.156.126.46
2025-12-31 07:56:54,dr_kamau,22,8,"Nairobi, KE",197.156.73.65
2026-01-06 17:44:54,admin_kimani,9,17,"Nairobi, KE",197.156.237.110
2025-12-20 17:34:54,dr_kamau,23,17,"Nairobi, KE",197.156.133.140
2025-12-10 12:25:54,admin_kimani,5,12,"Nairobi, KE",197.156.82.166
2025-12-19 16:57:54,admin_kimani,7,17,"Nairobi, KE",197.156.251.160
2025-12-28 07:58:54,receptionist_otieno,12,8,"Nairobi, KE",197.156.31.49
2025-12-12 16:11:54,admin_kimani,8,16,"Nairobi, KE",197.156.82.166
2025-12-13 13:21:54,admin_kimani,4,13,"Nairobi, KE",197.156.145.54
2025-12-30 14:02:54,receptionist_otieno,12,14,"Nairobi, KE",197.156.18.68
2026-01-02 10:07:54,dr_kamau,29,10,"Nairobi, KE",197.156.99.16
2025-12-18 10:15:54,dr_kamau,24,10,"Nairobi, KE",197.156.211.152
2025-12-12 09:39:54,nurse_wanjiru,20,9,"Nairobi, KE",197.156.215.59
2025-12-13 11:42:54,nurse_wanjiru,17,11,"Nairobi, KE",197.156.237.110
2025-12-30 09:56:54,admin_kimani,5,10,"Nairobi, KE",197.156.54.119
2025-12-11 12:38:54,nurse_wanjiru,16,12,"Nairobi, KE",197.156.211.230
2025-12-31 12:02:54,nurse_wanjiru,18,12,"Nairobi, KE",197.156.211.230
2026-01-04 09:58:54,receptionist_otieno,10,10,"Nairobi, KE",197.156.18.68
2025-12-23 14:28:54,receptionist_otieno,15,14,"Nairobi, KE",197.156.237.110
2026-01-07 13:56:54,dr_kamau,23,14,"Nairobi, KE",197.156.82.166
2025-12-17 08:51:54,receptionist_otieno,13,9,"Nairobi, KE",197.156.145.54
2026-01-07 09:31:54,nurse_wanjiru,13,9,"Nairobi, KE",197.156.133.140
2025-12-10 12:24:54,nurse_wanjiru,16,12,"Nairobi, KE",197.156.119.192
2025-12-25 07:44:54,nurse_wanjiru,16,7,"Nairobi, KE",197.156.54.119
2025-12-21 12:43:54,receptionist_otieno,10,12,"Nairobi, KE",197.156.18.68
2025-12-10 15:04:54,admin_kimani,8,15,"Nairobi, KE",197.156.211.152
2025-12-31 08:08:54,dr_kamau,20,8,"Nairobi, KE",197.156.237.110
2025-12-19 09:30:54,nurse_wanjiru,19,9,"Nairobi, KE",197.156.237.110
2025-12-09 17:38:54,dr_kamau,28,17,"Nairobi, KE",197.156.73.65
2025-12-29 08:11:54,dr_kamau,19,8,"Nairobi, KE",197.156.237.110
2025-12-22 09:17:54,nurse_wanjiru,13,9,"Nairobi, KE",197.156.73.65
2025-12-25 13:42:54,receptionist_otieno,14,13,"Nairobi, KE",197.156.133.140
2025-12-10 08:31:54,receptionist_otieno,7,8,"Nairobi, KE",197.156.251.160
2025-12-16 13:46:54,receptionist_otieno,14,13,"Nairobi, KE",197.156.54.119
2026-01-07 16:18:54,dr_kamau,22,16,"Nairobi, KE",197.156.251.160
2025-12-27 16:30:54,receptionist_otieno,11,16,"Nairobi, KE",197.156.237.110
2025-12-18 10:40:54,admin_kimani,5,10,"Nairobi, KE",197.156.97.176
2025-12-22 07:58:54,nurse_wanjiru,16,8,"Nairobi, KE",197.156.28.231
2025-12-14 15:58:54,dr_kamau,30,16,"Nairobi, KE",197.156.133.140
2026-01-04 16:10:54,admin_kimani,7,16,"Nairobi, KE",197.156.111.136
2025-12-27 11:05:54,dr_kamau,29,11,"Nairobi, KE",197.156.148.146
2025-12-10 11:04:54,receptionist_otieno,11,11,"Nairobi, KE",197.156.73.65
2025-12-15 16:23:54,receptionist_otieno,10,16,"Nairobi, KE",197.156.237.110
2026-01-07 10:54:54,admin_kimani,9,11,"Nairobi, KE",197.156.97.176
2025-12-13 09:51:54,nurse_wanjiru,14,10,"Nairobi, KE",197.156.126.46
2025-12-18 12:36:54,receptionist_otieno,13,12,"Nairobi, KE",197.156.126.46
2025-12-27 09:34:54,admin_kimani,5,9,"Nairobi, KE",197.156.97.176
2025-12-24 07:51:54,nurse_wanjiru,18,8,"Nairobi, KE",197.156.28.231
2025-12-14 16:20:54,dr_kamau,22,16,"Nairobi, KE",197.156.211.230
2025-12-25 16:17:54,admin_kimani,8,16,"Nairobi, KE",197.156.54.119
2025-12-14 10:15:54,dr_kamau,29,10,"Nairobi, KE",197.156.211.152
2025-12-28 08:10:54,dr_kamau,16,8,"Nairobi, KE",197.156.224.7
2025-12-29 07:30:54,nurse_wanjiru,14,7,"Nairobi, KE",197.156.148.146
2026-01-02 12:38:54,admin_kimani,8,12,"Nairobi, KE",197.156.148.146
2025-12-19 09:37:54,admin_kimani,5,9,"Nairobi, KE",197.156.224.7
2025-12-26 10:19:54,receptionist_otieno,11,10,"Nairobi, KE",197.156.133.140
2025-12-09 14:43:54,nurse_wanjiru,13,14,"Nairobi, KE",197.156.111.136
2025-12-31 11:44:54,dr_kamau,20,11,"Nairobi, KE",197.156.54.119
2025-12-20 10:50:54,receptionist_otieno,15,11,"Nairobi, KE",197.156.126.46
2025-12-19 11:34:54,dr_kamau,23,11,"Nairobi, KE",197.156.97.176
2025-12-11 10:00:54,admin_kimani,10,10,"Nairobi, KE",197.156.211.230
2025-12-19 13:00:54,nurse_wanjiru,13,13,"Nairobi, KE",197.156.97.176
2025-12-18 13:54:54,nurse_wanjiru,14,14,"Nairobi, KE",197.156.31.49
2025-12-12 10:02:54,receptionist_otieno,11,10,"Nairobi, KE",197.156.73.65
2025-12-31 14:16:54,admin_kimani,10,14,"Nairobi, KE",197.156.237.110
2026-01-05 14:36:54,dr_kamau,19,14,"Nairobi, KE",197.156.111.136
2025-12-27 11:00:54,admin_kimani,5,11,"Nairobi, KE",197.156.211.230
2025-12-19 10:05:54,receptionist_otieno,13,10,"Nairobi, KE",197.156.133.140
2025-12-14 11:11:54,nurse_wanjiru,16,11,"Nairobi, KE",197.156.126.46
2025-12-24 07:41:54,nurse_wanjiru,16,7,"Nairobi, KE",197.156.211.230
2025-12-14 14:13:54,nurse_wanjiru,16,14,"Nairobi, KE",197.156.251.160
2025-12-16 09:46:54,admin_kimani,7,9,"Nairobi, KE",197.156.211.230
2025-12-12 10:09:54,admin_kimani,7,10,"Nairobi, KE",197.156.251.160
2025-12-15 09:05:54,admin_kimani,7,9,"Nairobi, KE",197.156.133.140
2025-12-13 12:23:54,receptionist_otieno,9,12,"Nairobi, KE",197.156.82.166
2025-12-18 13:34:54,receptionist_otieno,11,13,"Nairobi, KE",197.156.28.231
2025-12-23 15:24:54,admin_kimani,9,15,"Nairobi, KE",197.156.82.166
2026-01-05 08:15:54,dr_kamau,23,8,"Nairobi, KE",197.156.54.119
2025-12-15 16:22:54,receptionist_otieno,10,16,"Nairobi, KE",197.156.211.230
2025-12-13 11:00:54,receptionist_otieno,10,11,"Nairobi, KE",197.156.99.16
2025-12-18 16:54:54,dr_kamau,21,17,"Nairobi, KE",197.156.237.110
2025-12-27 15:21:54,receptionist_otieno,13,15,"Nairobi, KE",197.156.133.140
2025-12-24 12:55:54,nurse_wanjiru,19,13,"Nairobi, KE",197.156.211.230
2026-01-07 07:25:54,nurse_wanjiru,18,7,"Nairobi, KE",197.156.97.176
2025-12-11 11:38:54,nurse_wanjiru,17,11,"Nairobi, KE",197.156.148.146
2026-01-02 06:55:54,nurse_wanjiru,17,7,"Nairobi, KE",197.156.215.59
2026-01-06 17:37:54,admin_kimani,6,17,"Nairobi, KE",197.156.148.146
2025-12-12 09:48:54,nurse_wanjiru,16,10,"Nairobi, KE",197.156.111.136
2026-01-01 14:02:54,nurse_wanjiru,19,14,"Nairobi, KE",197.156.215.59
2025-12-18 11:39:54,receptionist_otieno,11,11,"Nairobi, KE",197.156.97.176
2025-12-13 14:12:54,nurse_wanjiru,12,14,"Nairobi, KE",197.156.28.231
2025-12-11 15:50:54,receptionist_otieno,10,16,"Nairobi, KE",197.156.82.166
2025-12-23 13:58:54,admin_kimani,6,14,"Nairobi, KE",197.156.251.160
2025-12-18 11:57:54,admin_kimani,4,12,"Nairobi, KE",197.156.251.160
2025-12-26 15:41:54,admin_kimani,10,15,"Nairobi, KE",197.156.54.119
2025-12-10 12:14:54,receptionist_otieno,11,12,"Nairobi, KE",197.156.54.119
2025-12-24 13:37:54,nurse_wanjiru,10,13,"Nairobi, KE",197.156.133.140
2025-12-25 14:03:54,admin_kimani,8,14,"Nairobi, KE",197.156.237.110
2025-12-12 10:09:54,nurse_wanjiru,16,10,"Nairobi, KE",197.156.54.119
2025-12-24 11:18:54,nurse_wanjiru,14,11,"Nairobi, KE",197.156.54.119
2025-12-26 09:37:54,receptionist_otieno,8,9,"Nairobi, KE",197.156.54.119
2026-01-02 17:30:54,admin_kimani,6,17,"Nairobi, KE",197.156.73.65
2025-12-27 08:10:54,dr_kamau,10,8,"Nairobi, KE",197.156.133.140
2026-01-04 12:22:54,receptionist_otieno,12,12,"Nairobi, KE",197.156.211.152
2025-12-22 17:40:54,admin_kimani,10,17,"Nairobi, KE",197.156.111.136
2025-12-30 15:00:54,admin_kimani,9,15,"Nairobi, KE",197.156.224.7
2026-01-05 08:33:54,dr_kamau,24,8,"Nairobi, KE",197.156.126.46
2025-12-17 09:09:54,dr_kamau,15,9,"Nairobi, KE",197.156.148.146
2025-12-26 08:00:54,receptionist_otieno,13,8,"Nairobi, KE",197.156.126.46
2025-12-22 08:40:54,receptionist_otieno,10,8,"Nairobi, KE",197.156.82.166
2025-12-15 09:30:54,admin_kimani,9,9,"Nairobi, KE",197.156.251.160
2025-12-17 09:45:54,admin_kimani,8,9,"Nairobi, KE",197.156.111.136
2025-12-31 10:20:54,dr_kamau,27,10,"Nairobi, KE",197.156.126.46
2025-12-10 15:10:54,admin_kimani,7,15,"Nairobi, KE",197.156.28.231
2026-01-01 09:57:54,dr_kamau,29,10,"Nairobi, KE",197.156.119.192
2025-12-12 15:59:54,dr_kamau,23,16,"Nairobi, KE",197.156.54.119
2026-01-02 10:51:54,receptionist_otieno,8,11,"Nairobi, KE",197.156.133.140
2025-12-22 13:46:54,admin_kimani,4,13,"Nairobi, KE",197.156.211.230
2025-12-23 15:49:54,receptionist_otieno,12,16,"Nairobi, KE",197.156.126.46
2025-12-19 08:23:54,nurse_wanjiru,17,8,"Nairobi, KE",197.156.215.59
2025-12-14 11:09:54,receptionist_otieno,14,11,"Nairobi, KE",197.156.211.152
2025-12-27 10:35:54,dr_kamau,24,10,"Nairobi, KE",197.156.126.46
2025-12-28 15:24:54,admin_kimani,9,15,"Nairobi, KE",197.156.215.59
2026-01-04 12:36:54,admin_kimani,8,12,"Nairobi, KE",197.156.251.160
2025-12-25 11:16:54,admin_kimani,6,11,"Nairobi, KE",197.156.211.152
2025-12-25 17:35:54,admin_kimani,6,17,"Nairobi, KE",197.156.215.59
2026-01-05 09:24:54,nurse_wanjiru,14,9,"Nairobi, KE",197.156.211.230
2025-12-25 14:46:54,receptionist_otieno,12,14,"Nairobi, KE",197.156.148.146
2026-01-06 10:54:54,receptionist_otieno,11,11,"Nairobi, KE",197.156.237.110
2025-12-28 10:58:54,dr_kamau,25,11,"Nairobi, KE",197.156.224.7
2025-12-26 11:41:54,nurse_wanjiru,5,11,"Nairobi, KE",197.156.126.46
2025-12-10 11:43:54,nurse_wanjiru,16,11,"Nairobi, KE",197.156.18.68
2025-12-28 12:41:54,receptionist_otieno,9,12,"Nairobi, KE",197.156.54.119
2025-12-23 14:47:54,dr_kamau,25,15,"Nairobi, KE",197.156.119.192
2025-12-13 12:29:54,receptionist_otieno,12,12,"Nairobi, KE",197.156.237.110
2025-12-17 16:41:54,admin_kimani,8,16,"Nairobi, KE",197.156.237.110
2025-12-17 11:09:54,nurse_wanjiru,15,11,"Nairobi, KE",197.156.224.7
2025-12-27 09:50:54,receptionist_otieno,11,10,"Nairobi, KE",197.156.119.192
2025-12-18 11:46:54,dr_kamau,31,11,"Nairobi, KE",197.156.28.231
2025-12-12 08:51:54,nurse_wanjiru,17,9,"Nairobi, KE",197.156.31.49
2026-01-02 10:43:54,admin_kimani,11,10,"Nairobi, KE",197.156.126.46
2025-12-24 10:20:54,receptionist_otieno,9,10,"Nairobi, KE",197.156.126.46
2025-12-13 11:54:54,receptionist_otieno,11,12,"Nairobi, KE",197.156.28.231
2026-01-07 07:30:54,nurse_wanjiru,12,7,"Nairobi, KE",197.156.215.59
2026-01-04 14:08:54,dr_kamau,22,14,"Nairobi, KE",197.156.148.146
2026-01-03 16:15:54,admin_kimani,9,16,"Nairobi, KE",197.156.31.49
2025-12-31 16:17:54,dr_kamau,23,16,"Nairobi, KE",197.156.31.49
2025-12-25 14:38:54,admin_kimani,9,14,"Nairobi, KE",197.156.28.231
2026-01-06 13:06:54,receptionist_otieno,11,13,"Nairobi, KE",197.156.251.160
2025-12-16 15:20:54,admin_kimani,12,15,"Nairobi, KE",197.156.99.16
2025-12-14 13:08:54,admin_kimani,9,13,"Nairobi, KE",197.156.251.160
2026-01-07 11:26:54,nurse_wanjiru,14,11,"Nairobi, KE",197.156.54.119
2026-01-06 06:53:54,nurse_wanjiru,13,7,"Nairobi, KE",197.156.224.7
2025-12-22 11:21:54,nurse_wanjiru,14,11,"Nairobi, KE",197.156.31.49
2025-12-19 14:19:54,dr_kamau,35,14,"Nairobi, KE",197.156.215.59
2025-12-19 13:11:54,receptionist_otieno,12,13,"Nairobi, KE",197.156.251.160
2025-12-13 12:04:54,nurse_wanjiru,15,12,"Nairobi, KE",197.156.237.110
2025-12-13 15:09:54,receptionist_otieno,12,15,"Nairobi, KE",197.156.99.16
2025-12-26 14:24:54,receptionist_otieno,11,14,"Nairobi, KE",197.156.211.152
2025-12-16 07:55:54,receptionist_otieno,9,8,"Nairobi, KE",197.156.237.110
2025-12-19 08:44:54,receptionist_otieno,14,8,"Nairobi, KE",197.156.73.65
2025-12-23 13:40:54,admin_kimani,6,13,"Nairobi, KE",197.156.28.231
2025-12-09 16:24:54,admin_kimani,8,16,"Nairobi, KE",197.156.111.136
2025-12-31 13:49:54,nurse_wanjiru,15,14,"Nairobi, KE",197.156.73.65
2025-12-29 11:23:54,dr_kamau,14,11,"Nairobi, KE",197.156.215.59
2026-01-06 14:20:54,admin_kimani,8,14,"Nairobi, KE",197.156.119.192
2025-12-12 09:43:54,receptionist_otieno,13,9,"Nairobi, KE",197.156.111.136
2026-01-05 09:30:54,nurse_wanjiru,12,9,"Nairobi, KE",197.156.111.136
2025-12-22 07:29:54,nurse_wanjiru,18,7,"Nairobi, KE",197.156.119.192
2025-12-31 12:16:54,nurse_wanjiru,8,12,"Nairobi, KE",197.156.97.176
2026-01-06 15:55:54,admin_kimani,5,16,"Nairobi, KE",197.156.148.146
2025-12-28 15:51:54,admin_kimani,11,16,"Nairobi, KE",197.156.82.166
2026-01-05 10:31:54,dr_kamau,29,10,"Nairobi, KE",197.156.54.119
2025-12-13 08:46:54,nurse_wanjiru,9,8,"Nairobi, KE",197.156.54.119
2025-12-21 17:33:54,admin_kimani,5,17,"Nairobi, KE",197.156.133.140
2025-12-29 15:59:54,admin_kimani,12,16,"Nairobi, KE",197.156.111.136
2025-12-29 10:26:54,admin_kimani,7,10,"Nairobi, KE",197.156.224.7
2025-12-21 08:07:54,receptionist_otieno,12,8,"Nairobi, KE",197.156.18.68
2025-12-22 10:12:54,nurse_wanjiru,13,10,"Nairobi, KE",197.156.99.16
2025-12-11 16:30:54,dr_kamau,34,16,"Nairobi, KE",197.156.224.7
2025-12-29 17:32:54,dr_kamau,20,17,"Nairobi, KE",197.156.28.231
2026-01-02 17:03:54,dr_kamau,22,17,"Nairobi, KE",197.156.133.140
2025-12-15 11:02:54,dr_kamau,20,11,"Nairobi, KE",197.156.211.230
2025-12-21 08:13:54,nurse_wanjiru,17,8,"Nairobi, KE",197.156.251.160
2025-12-31 14:44:54,receptionist_otieno,11,14,"Nairobi, KE",197.156.211.230
2025-12-20 14:45:54,dr_kamau,29,14,"Nairobi, KE",197.156.99.16
2026-01-03 11:40:54,admin_kimani,8,11,"Nairobi, KE",197.156.18.68
2025-12-23 16:29:54,dr_kamau,20,16,"Nairobi, KE",197.156.133.140
2025-12-10 10:15:54,nurse_wanjiru,11,10,"Nairobi, KE",197.156.237.110
2025-12-15 15:36:54,dr_kamau,29,15,"Nairobi, KE",197.156.31.49
2025-12-17 16:45:54,dr_kamau,25,16,"Nairobi, KE",197.156.18.68
2025-12-28 09:49:54,dr_kamau,21,10,"Nairobi, KE",197.156.97.176
2026-01-07 11:28:54,admin_kimani,7,11,"Nairobi, KE",197.156.237.110
2025-12-29 10:09:54,dr_kamau,21,10,"Nairobi, KE",197.156.126.46
2025-12-28 11:37:54,receptionist_otieno,9,11,"Nairobi, KE",197.156.73.65
2025-12-25 08:08:54,receptionist_otieno,10,8,"Nairobi, KE",197.156.145.54
2025-12-27 10:56:54,admin_kimani,6,11,"Nairobi, KE",197.156.126.46
2025-12-11 10:06:54,nurse_wanjiru,16,10,"Nairobi, KE",197.156.126.46
2025-12-25 10:05:54,admin_kimani,9,10,"Nairobi, KE",197.156.18.68
2025-12-24 15:39:54,dr_kamau,27,15,"Nairobi, KE",197.156.215.59
2025-12-27 16:35:54,dr_kamau,22,16,"Nairobi, KE",197.156.111.136
2025-12-12 14:19:54,receptionist_otieno,8,14,"Nairobi, KE",197.156.99.16
2025-12-24 08:36:54,receptionist_otieno,7,8,"Nairobi, KE",197.156.133.140
2025-12-29 11:07:54,nurse_wanjiru,15,11,"Nairobi, KE",197.156.237.110
2026-01-06 09:46:54,admin_kimani,9,9,"Nairobi, KE",197.156.133.140
2025-12-31 17:24:54,dr_kamau,27,17,"Nairobi, KE",197.156.145.54
2025-12-20 08:11:54,dr_kamau,20,8,"Nairobi, KE",197.156.99.16
2026-01-02 09:22:54,receptionist_otieno,11,9,"Nairobi, KE",197.156.82.166
2025-12-13 09:29:54,dr_kamau,23,9,"Nairobi, KE",197.156.82.166
2025-12-19 15:14:54,receptionist_otieno,7,15,"Nairobi, KE",197.156.211.230
2025-12-12 10:28:54,admin_kimani,11,10,"Nairobi, KE",197.156.133.140
2026-01-06 13:49:54,nurse_wanjiru,17,14,"Nairobi, KE",197.156.31.49
2025-12-10 15:11:54,admin_kimani,9,15,"Nairobi, KE",197.156.133.140
2025-12-26 11:39:54,dr_kamau,27,11,"Nairobi, KE",197.156.82.166
2025-12-10 14:54:54,receptionist_otieno,11,15,"Nairobi, KE",197.156.73.65
2025-12-15 08:52:54,receptionist_otieno,7,9,"Nairobi, KE",197.156.99.16
2026-01-07 11:02:54,admin_kimani,7,11,"Nairobi, KE",197.156.97.176
2026-01-06 14:12:54,nurse_wanjiru,14,14,"Nairobi, KE",197.156.119.192
2025-12-28 16:34:54,dr_kamau,26,16,"Nairobi, KE",197.156.82.166
2025-12-09 15:08:54,admin_kimani,6,15,"Nairobi, KE",197.156.28.231
2026-01-03 13:10:54,receptionist_otieno,14,13,"Nairobi, KE",197.156.31.49
2025-12-30 16:45:54,dr_kamau,19,16,"Nairobi, KE",197.156.54.119
2025-12-13 16:13:54,admin_kimani,6,16,"Nairobi, KE",197.156.111.136
2025-12-26 08:47:54,receptionist_otieno,14,9,"Nairobi, KE",197.156.215.59
2025-12-22 17:33:54,admin_kimani,7,17,"Nairobi, KE",197.156.111.136
2026-01-05 12:08:54,admin_kimani,10,12,"Nairobi, KE",197.156.73.65
2026-01-01 13:54:54,receptionist_otieno,11,14,"Nairobi, KE",197.156.237.110
2025-12-25 13:55:54,nurse_wanjiru,15,14,"Nairobi, KE",197.156.54.119
2025-12-20 14:12:54,admin_kimani,9,14,"Nairobi, KE",197.156.111.136
2025-12-21 10:15:54,admin_kimani,10,10,"Nairobi, KE",197.156.82.166
2026-01-01 08:48:54,receptionist_otieno,10,9,"Nairobi, KE",197.156.215.59
2025-12-13 15:24:54,dr_kamau,27,15,"Nairobi, KE",197.156.28.231
2025-12-12 06:47:54,nurse_wanjiru,14,7,"Nairobi, KE",197.156.97.176
2025-12-20 15:26:54,dr_kamau,22,15,"Nairobi, KE",197.156.148.146
2025-12-11 15:42:54,dr_kamau,29,15,"Nairobi, KE",197.156.99.16
2025-12-24 12:28:54,nurse_wanjiru,15,12,"Nairobi, KE",197.156.97.176
2026-01-04 16:21:54,dr_kamau,25,16,"Nairobi, KE",197.156.18.68
2025-12-24 08:25:54,receptionist_otieno,10,8,"Nairobi, KE",197.156.119.192
2025-12-28 07:54:54,dr_kamau,20,8,"Nairobi, KE",197.156.126.46
2025-12-31 12:15:54,nurse_wanjiru,16,12,"Nairobi, KE",197.156.31.49
2025-12-17 16:15:54,receptionist_otieno,11,16,"Nairobi, KE",197.156.145.54
2026-01-02 16:05:54,admin_kimani,8,16,"Nairobi, KE",197.156.237.110
2026-01-06 07:17:54,nurse_wanjiru,12,7,"Nairobi, KE",197.156.148.146
2025-12-29 08:52:54,nurse_wanjiru,17,9,"Nairobi, KE",197.156.111.136
2025-12-10 14:20:54,dr_kamau,34,14,"Nairobi, KE",197.156.31.49
2025-12-22 10:05:54,nurse_wanjiru,14,10,"Nairobi, KE",197.156.111.136
2026-01-04 10:32:54,dr_kamau,27,10,"Nairobi, KE",197.156.82.166
2025-12-16 06:47:54,nurse_wanjiru,12,7,"Nairobi, KE",197.156.99.16
2026-01-02 10:46:54,dr_kamau,26,10,"Nairobi, KE",197.156.211.152
2026-01-02 15:27:54,admin_kimani,9,15,"Nairobi, KE",197.156.97.176
2026-01-05 10:29:54,dr_kamau,29,10,"Nairobi, KE",197.156.148.146
2026-01-04 14:20:54,receptionist_otieno,12,14,"Nairobi, KE",197.156.215.59
2026-01-07 12:36:54,admin_kimani,5,12,"Nairobi, KE",197.156.148.146
2026-01-04 10:24:54,receptionist_otieno,9,10,"Nairobi, KE",197.156.119.192
2025-12-25 10:45:54,nurse_wanjiru,18,10,"Nairobi, KE",197.156.126.46
2026-01-01 11:23:54,nurse_wanjiru,18,11,"Nairobi, KE",197.156.119.192
2025-12-09 14:38:54,nurse_wanjiru,20,14,"Nairobi, KE",197.156.111.136
2025-12-26 08:49:54,dr_kamau,13,9,"Nairobi, KE",197.156.211.152
2025-12-27 13:11:54,nurse_wanjiru,23,13,"Nairobi, KE",197.156.111.136
2025-12-23 09:26:54,dr_kamau,28,9,"Nairobi, KE",197.156.126.46
2025-12-17 15:37:54,dr_kamau,17,15,"Nairobi, KE",197.156.54.119
2026-01-04 10:52:54,receptionist_otieno,11,11,"Nairobi, KE",197.156.82.166
2025-12-23 17:24:54,admin_kimani,11,17,"Nairobi, KE",197.156.54.119
2025-12-28 08:58:54,nurse_wanjiru,16,9,"Nairobi, KE",197.156.111.136
2025-12-11 07:31:54,nurse_wanjiru,19,7,"Nairobi, KE",197.156.119.192
2025-12-28 11:10:54,dr_kamau,28,11,"Nairobi, KE",197.156.111.136
2025-12-12 16:32:54,admin_kimani,6,16,"Nairobi, KE",197.156.126.46
2025-12-24 08:46:54,nurse_wanjiru,17,8,"Nairobi, KE",197.156.211.152
2025-12-09 09:49:54,admin_kimani,6,10,"Nairobi, KE",197.156.126.46
2025-12-15 15:06:54,dr_kamau,26,15,"Nairobi, KE",197.156.119.192
2026-01-05 14:45:54,admin_kimani,9,14,"Nairobi, KE",197.156.251.160
2025-12-10 08:34:54,receptionist_otieno,14,8,"Nairobi, KE",197.156.215.59
2025-12-27 10:49:54,dr_kamau,25,11,"Nairobi, KE",197.156.119.192
2025-12-29 12:30:54,admin_kimani,8,12,"Nairobi, KE",197.156.237.110
2025-12-18 13:22:54,receptionist_otieno,10,13,"Nairobi, KE",197.156.148.146
2025-12-14 08:35:54,nurse_wanjiru,19,8,"Nairobi, KE",197.156.224.7
2025-12-24 13:57:54,receptionist_otieno,9,14,"Nairobi, KE",197.156.224.7
2025-12-26 13:46:54,nurse_wanjiru,11,13,"Nairobi, KE",197.156.237.110
2026-01-01 13:14:54,admin_kimani,8,13,"Nairobi, KE",197.156.73.65
2025-12-21 12:24:54,admin_kimani,9,12,"Nairobi, KE",197.156.133.140
2025-12-20 14:25:54,dr_kamau,20,14,"Nairobi, KE",197.156.18.68
2025-12-20 12:48:54,nurse_wanjiru,13,13,"Nairobi, KE",197.156.82.166
2025-12-31 17:14:54,dr_kamau,30,17,"Nairobi, KE",197.156.28.231
2025-12-20 09:24:54,dr_kamau,20,9,"Nairobi, KE",197.156.119.192
2025-12-16 09:46:54,nurse_wanjiru,17,9,"Nairobi, KE",197.156.148.146
2025-12-17 07:45:54,nurse_wanjiru,20,7,"Nairobi, KE",197.156.211.230
2025-12-24 11:36:54,admin_kimani,5,11,"Nairobi, KE",197.156.97.176
2025-12-16 13:22:54,nurse_wanjiru,14,13,"Nairobi, KE",197.156.126.46
2025-12-13 09:44:54,nurse_wanjiru,20,9,"Nairobi, KE",197.156.237.110
2025-12-14 10:22:54,admin_kimani,8,10,"Nairobi, KE",197.156.215.59
2025-12-22 15:40:54,dr_kamau,23,15,"Nairobi, KE",197.156.73.65
2026-01-03 08:17:54,receptionist_otieno,11,8,"Nairobi, KE",197.156.99.16
2025-12-18 16:24:54,receptionist_otieno,14,16,"Nairobi, KE",197.156.237.110
2025-12-15 14:13:54,nurse_wanjiru,16,14,"Nairobi, KE",197.156.145.54
2026-01-03 12:22:54,receptionist_otieno,11,12,"Nairobi, KE",197.156.73.65
2025-12-23 09:31:54,nurse_wanjiru,15,9,"Nairobi, KE",197.156.99.16
2025-12-29 13:04:54,admin_kimani,13,13,"Nairobi, KE",197.156.148.146
2025-12-18 14:06:54,admin_kimani,7,14,"Nairobi, KE",197.156.148.146
2025-12-31 16:21:54,receptionist_otieno,12,16,"Nairobi, KE",197.156.211.152
2026-01-07 09:13:54,admin_kimani,8,9,"Nairobi, KE",197.156.73.65
2025-12-17 10:50:54,nurse_wanjiru,12,11,"Nairobi, KE",197.156.82.166
2025-12-13 10:36:54,nurse_wanjiru,14,10,"Nairobi, KE",197.156.99.16
2025-12-24 16:20:54,dr_kamau,16,16,"Nairobi, KE",197.156.28.231
2026-01-05 16:00:54,admin_kimani,7,16,"Nairobi, KE",197.156.251.160
2025-12-09 10:19:54,nurse_wanjiru,17,10,"Nairobi, KE",197.156.73.65
2025-12-25 11:15:54,dr_kamau,26,11,"Nairobi, KE",197.156.73.65
2025-12-22 09:30:54,dr_kamau,19,9,"Nairobi, KE",197.156.211.152
2025-12-30 13:19:54,admin_kimani,7,13,"Nairobi, KE",197.156.148.146
2025-12-19 17:28:54,dr_kamau,28,17,"Nairobi, KE",197.156.251.160
2026-01-01 17:21:54,admin_kimani,7,17,"Nairobi, KE",197.156.99.16
2025-12-23 17:30:54,dr_kamau,27,17,"Nairobi, KE",197.156.237.110
2025-12-14 08:54:54,admin_kimani,8,9,"Nairobi, KE",197.156.54.119
2025-12-09 09:50:54,admin_kimani,6,10,"Nairobi, KE",197.156.119.192
2025-12-14 14:09:54,receptionist_otieno,12,14,"Nairobi, KE",197.156.31.49
2026-01-03 17:17:54,admin_kimani,8,17,"Nairobi, KE",197.156.133.140
2025-12-20 16:12:54,receptionist_otieno,11,16,"Nairobi, KE",197.156.237.110
2026-01-01 14:23:54,nurse_wanjiru,15,14,"Nairobi, KE",197.156.211.230
2025-12-27 17:46:54,admin_kimani,8,17,"Nairobi, KE",197.156.126.46
2026-01-02 08:32:54,dr_kamau,26,8,"Nairobi, KE",197.156.211.152
2025-12-20 16:01:54,admin_kimani,7,16,"Nairobi, KE",197.156.237.110
2025-12-15 12:23:54,nurse_wanjiru,13,12,"Nairobi, KE",197.156.18.68
2025-12-09 09:28:54,admin_kimani,8,9,"Nairobi, KE",197.156.224.7
2025-12-15 09:58:54,receptionist_otieno,11,10,"Nairobi, KE",197.156.31.49
2025-12-12 15:39:54,admin_kimani,9,15,"Nairobi, KE",197.156.251.160
2025-12-25 14:19:54,receptionist_otieno,13,14,"Nairobi, KE",197.156.126.46
2025-12-25 14:07:54,dr_kamau,23,14,"Nairobi, KE",197.156.18.68
2025-12-15 17:36:54,admin_kimani,8,17,"Nairobi, KE",197.156.54.119
2025-12-15 10:44:54,dr_kamau,37,10,"Nairobi, KE",197.156.126.46
2025-12-19 10:09:54,dr_kamau,27,10,"Nairobi, KE",197.156.211.230
2025-12-26 09:23:54,receptionist_otieno,12,9,"Nairobi, KE",197.156.119.192
2025-12-18 12:21:54,admin_kimani,7,12,"Nairobi, KE",197.156.119.192
2026-01-03 15:44:54,dr_kamau,29,15,"Nairobi, KE",197.156.18.68
2026-01-06 10:04:54,dr_kamau,31,10,"Nairobi, KE",197.156.211.152
2025-12-11 14:18:54,receptionist_otieno,9,14,"Nairobi, KE",197.156.28.231
2025-12-12 09:56:54,admin_kimani,9,10,"Nairobi, KE",197.156.99.16
2025-12-14 17:38:54,dr_kamau,23,17,"Nairobi, KE",197.156.211.230
2026-01-01 08:59:54,admin_kimani,7,9,"Nairobi, KE",197.156.97.176
2025-12-26 13:11:54,receptionist_otieno,10,13,"Nairobi, KE",197.156.211.230
2025-12-12 10:27:54,dr_kamau,21,10,"Nairobi, KE",197.156.126.46
2025-12-25 11:25:54,nurse_wanjiru,11,11,"Nairobi, KE",197.156.82.166
2025-12-30 11:39:54,nurse_wanjiru,12,11,"Nairobi, KE",197.156.111.136
2025-12-28 14:35:54,nurse_wanjiru,18,14,"Nairobi, KE",197.156.211.152
2026-01-04 11:42:54,nurse_wanjiru,16,11,"Nairobi, KE",197.156.215.59
2025-12-19 13:15:54,receptionist_otieno,11,13,"Nairobi, KE",197.156.211.152
2025-12-30 17:31:54,admin_kimani,10,17,"Nairobi, KE",197.156.145.54
2026-01-07 13:08:54,nurse_wanjiru,18,13,"Nairobi, KE",197.156.73.65
2025-12-28 15:56:54,admin_kimani,7,16,"Nairobi, KE",197.156.133.140
2025-12-09 14:28:54,dr_kamau,14,14,"Nairobi, KE",197.156.211.230
2026-01-04 14:01:54,nurse_wanjiru,6,14,"Nairobi, KE",197.156.211.230
2025-12-12 08:04:54,nurse_wanjiru,20,8,"Nairobi, KE",197.156.224.7
2025-12-15 08:25:54,receptionist_otieno,10,8,"Nairobi, KE",197.156.97.176
2025-12-30 11:23:54,admin_kimani,5,11,"Nairobi, KE",197.156.82.166
2025-12-09 09:19:54,admin_kimani,6,9,"Nairobi, KE",197.156.237.110
2026-01-07 17:34:54,admin_kimani,10,17,"Nairobi, KE",197.156.119.192
2026-01-02 10:13:54,nurse_wanjiru,17,10,"Nairobi, KE",197.156.111.136
2025-12-17 17:20:54,admin_kimani,8,17,"Nairobi, KE",197.156.251.160
2025-12-19 16:08:54,receptionist_otieno,11,16,"Nairobi, KE",197.156.224.7
2025-12-19 09:05:54,dr_kamau,27,9,"Nairobi, KE",197.156.148.146
2025-12-18 13:00:54,admin_kimani,8,13,"Nairobi, KE",197.156.99.16
2025-12-25 10:22:54,receptionist_otieno,13,10,"Nairobi, KE",197.156.111.136
2025-12-30 10:13:54,receptionist_otieno,13,10,"Nairobi, KE",197.156.148.146
2025-12-17 11:52:54,receptionist_otieno,10,12,"Nairobi, KE",197.156.97.176
2025-12-12 13:07:54,admin_kimani,7,13,"Nairobi, KE",197.156.251.160
2025-12-16 08:15:54,receptionist_otieno,9,8,"Nairobi, KE",197.156.97.176
2026-01-03 17:27:54,dr_kamau,20,17,"Nairobi, KE",197.156.18.68
2026-01-02 08:59:54,admin_kimani,9,9,"Nairobi, KE",197.156.237.110
2025-12-25 07:59:54,dr_kamau,24,8,"Nairobi, KE",197.156.126.46
2025-12-21 08:48:54,admin_kimani,5,9,"Nairobi, KE",197.156.211.230
2025-12-16 15:11:54,receptionist_otieno,14,15,"Nairobi, KE",197.156.111.136
2026-01-04 12:08:54,nurse_wanjiru,13,12,"Nairobi, KE",197.156.148.146
2026-01-01 09:30:54,receptionist_otieno,9,9,"Nairobi, KE",197.156.97.176
2026-01-07 14:38:54,nurse_wanjiru,10,14,"Nairobi, KE",197.156.251.160
2025-12-27 11:54:54,receptionist_otieno,10,12,"Nairobi, KE",197.156.211.230
2026-01-06 13:22:54,admin_kimani,5,13,"Nairobi, KE",197.156.215.59
2025-12-10 13:26:54,nurse_wanjiru,12,13,"Nairobi, KE",197.156.126.46
2026-01-03 13:58:54,admin_kimani,4,14,"Nairobi, KE",197.156.18.68
2025-12-12 15:43:54,admin_kimani,5,15,"Nairobi, KE",197.156.224.7
2025-12-19 16:08:54,dr_kamau,16,16,"Nairobi, KE",197.156.73.65
2025-12-28 11:36:54,nurse_wanjiru,13,11,"Nairobi, KE",197.156.133.140
2026-01-04 12:29:54,receptionist_otieno,11,12,"Nairobi, KE",197.156.18.68
2025-12-09 12:39:54,admin_kimani,10,12,"Nairobi, KE",197.156.126.46
2025-12-18 10:05:54,dr_kamau,20,10,"Nairobi, KE",197.156.97.176
2026-01-02 10:14:54,admin_kimani,7,10,"Nairobi, KE",197.156.31.49
2025-12-31 15:39:54,dr_kamau,22,15,"Nairobi, KE",197.156.99.16
2026-01-01 11:53:54,admin_kimani,7,12,"Nairobi, KE",197.156.111.136
2025-12-17 14:31:54,nurse_wanjiru,15,14,"Nairobi, KE",197.156.54.119
2026-01-05 11:19:54,nurse_wanjiru,16,11,"Nairobi, KE",197.156.73.65
2026-01-03 10:22:54,receptionist_otieno,12,10,"Nairobi, KE",197.156.97.176
2026-01-04 13:29:54,admin_kimani,6,13,"Nairobi, KE",197.156.18.68
2025-12-30 13:50:54,dr_kamau,24,14,"Nairobi, KE",197.156.145.54
2025-12-17 15:44:54,dr_kamau,20,15,"Nairobi, KE",197.156.97.176
2026-01-04 10:10:54,dr_kamau,22,10,"Nairobi, KE",197.156.148.146
2026-01-01 16:51:54,admin_kimani,5,17,"Nairobi, KE",197.156.224.7
2025-12-26 09:03:54,dr_kamau,29,9,"Nairobi, KE",197.156.215.59
2026-01-03 15:53:54,receptionist_otieno,10,16,"Nairobi, KE",197.156.211.230
2025-12-21 14:42:54,admin_kimani,10,14,"Nairobi, KE",197.156.54.119
2025-12-18 15:18:54,receptionist_otieno,11,15,"Nairobi, KE",197.156.97.176
2026-01-03 12:03:54,admin_kimani,7,12,"Nairobi, KE",197.156.237.110
2025-12-19 10:38:54,receptionist_otieno,10,10,"Nairobi, KE",197.156.111.136
2025-12-17 09:41:54,admin_kimani,9,9,"Nairobi, KE",197.156.54.119
2025-12-22 09:18:54,admin_kimani,9,9,"Nairobi, KE",197.156.31.49
2026-01-06 14:50:54,admin_kimani,4,15,"Nairobi, KE",197.156.211.152
2025-12-21 13:17:54,admin_kimani,8,13,"Nairobi, KE",197.156.133.140
2026-01-07 12:18:54,nurse_wanjiru,19,12,"Nairobi, KE",197.156.28.231
2025-12-20 09:17:54,receptionist_otieno,12,9,"Nairobi, KE",197.156.133.140
2026-01-04 08:31:54,nurse_wanjiru,9,8,"Nairobi, KE",197.156.54.119
2025-12-29 15:31:54,admin_kimani,7,15,"Nairobi, KE",197.156.99.16
2025-12-30 08:18:54,nurse_wanjiru,14,8,"Nairobi, KE",197.156.111.136
2026-01-06 08:39:54,receptionist_otieno,10,8,"Nairobi, KE",197.156.211.230
2025-12-11 14:11:54,dr_kamau,20,14,"Nairobi, KE",197.156.215.59
2026-01-03 06:55:54,nurse_wanjiru,19,7,"Nairobi, KE",197.156.211.230
2026-01-01 09:46:54,admin_kimani,7,9,"Nairobi, KE",197.156.211.152
2025-12-11 10:59:54,admin_kimani,10,11,"Nairobi, KE",197.156.224.7
2025-12-27 08:15:54,receptionist_otieno,14,8,"Nairobi, KE",197.156.119.192
2025-12-12 08:13:54,nurse_wanjiru,15,8,"Nairobi, KE",197.156.224.7
2025-12-28 16:09:54,receptionist_otieno,12,16,"Nairobi, KE",197.156.119.192
2025-12-13 08:09:54,receptionist_otieno,12,8,"Nairobi, KE",197.156.126.46
2026-01-06 06:58:54,nurse_wanjiru,17,7,"Nairobi, KE",197.156.126.46
2025-12-25 13:46:54,nurse_wanjiru,10,13,"Nairobi, KE",197.156.126.46
2025-12-22 16:52:54,dr_kamau,22,17,"Nairobi, KE",197.156.211.152
2025-12-27 13:42:54,receptionist_otieno,11,13,"Nairobi, KE",197.156.133.140
2025-12-22 08:07:54,receptionist_otieno,11,8,"Nairobi, KE",197.156.224.7
2025-12-20 09:28:54,dr_kamau,31,9,"Nairobi, KE",197.156.215.59
2025-12-15 10:40:54,nurse_wanjiru,11,10,"Nairobi, KE",197.156.133.140
2025-12-19 17:38:54,admin_kimani,10,17,"Nairobi, KE",197.156.215.59
2025-12-20 11:43:54,nurse_wanjiru,12,11,"Nairobi, KE",197.156.18.68
2026-01-03 10:07:54,nurse_wanjiru,17,10,"Nairobi, KE",197.156.119.192
2025-12-21 09:29:54,admin_kimani,9,9,"Nairobi, KE",197.156.251.160
2025-12-15 10:03:54,nurse_wanjiru,14,10,"Nairobi, KE",197.156.28.231
2025-12-27 10:49:54,admin_kimani,6,11,"Nairobi, KE",197.156.251.160
2026-01-03 14:53:54,admin_kimani,10,15,"Nairobi, KE",197.156.31.49
2025-12-22 14:41:54,receptionist_otieno,13,14,"Nairobi, KE",197.156.18.68
2025-12-12 11:22:54,nurse_wanjiru,14,11,"Nairobi, KE",197.156.148.146
2026-01-02 13:30:54,receptionist_otieno,16,13,"Nairobi, KE",197.156.119.192
2025-12-16 10:32:54,admin_kimani,11,10,"Nairobi, KE",197.156.126.46
2026-01-04 08:38:54,receptionist_otieno,13,8,"Nairobi, KE",197.156.82.166
2026-01-05 10:48:54,receptionist_otieno,15,11,"Nairobi, KE",197.156.237.110
2025-12-25 13:50:54,dr_kamau,31,14,"Nairobi, KE",197.156.119.192
2025-12-11 10:23:54,receptionist_otieno,13,10,"Nairobi, KE",197.156.99.16
2025-12-25 07:47:54,receptionist_otieno,11,8,"Nairobi, KE",197.156.73.65
2025-12-18 09:24:54,admin_kimani,7,9,"Nairobi, KE",197.156.148.146
2025-12-24 16:04:54,dr_kamau,24,16,"Nairobi, KE",197.156.145.54
2026-01-01 14:24:54,admin_kimani,5,14,"Nairobi, KE",197.156.211.152
2025-12-11 15:41:54,admin_kimani,8,15,"Nairobi, KE",197.156.73.65
2025-12-31 13:52:54,receptionist_otieno,13,14,"Nairobi, KE",197.156.126.46
2025-12-25 10:06:54,nurse_wanjiru,21,10,"Nairobi, KE",197.156.97.176
2026-01-06 11:27:54,dr_kamau,17,11,"Nairobi, KE",197.156.126.46
2025-12-13 14:59:54,receptionist_otieno,9,15,"Nairobi, KE",197.156.211.230
2026-01-05 12:52:54,nurse_wanjiru,14,13,"Nairobi, KE",197.156.237.110
2025-12-21 17:02:54,dr_kamau,29,17,"Nairobi, KE",197.156.54.119
2025-12-25 09:16:54,nurse_wanjiru,14,9,"Nairobi, KE",197.156.215.59
2025-12-25 10:26:54,dr_kamau,21,10,"Nairobi, KE",197.156.31.49
2025-12-13 07:23:54,nurse_wanjiru,19,7,"Nairobi, KE",197.156.99.16
2026-01-04 11:16:54,nurse_wanjiru,16,11,"Nairobi, KE",197.156.82.166
2025-12-15 13:37:54,nurse_wanjiru,10,13,"Nairobi, KE",197.156.119.192
2025-12-15 15:21:54,admin_kimani,9,15,"Nairobi, KE",197.156.126.46
2026-01-06 15:15:54,dr_kamau,29,15,"Nairobi, KE",197.156.211.230
2025-12-23 15:45:54,dr_kamau,26,15,"Nairobi, KE",197.156.211.230
2025-12-25 12:07:54,nurse_wanjiru,11,12,"Nairobi, KE",197.156.211.230
2025-12-10 11:18:54,dr_kamau,29,11,"Nairobi, KE",197.156.111.136
2025-12-17 16:07:54,receptionist_otieno,15,16,"Nairobi, KE",197.156.111.136
2025-12-26 12:12:54,receptionist_otieno,14,12,"Nairobi, KE",197.156.148.146
2025-12-27 10:09:54,admin_kimani,7,10,"Nairobi, KE",197.156.119.192
2025-12-14 08:25:54,receptionist_otieno,11,8,"Nairobi, KE",197.156.211.230
2025-12-30 10:00:54,nurse_wanjiru,6,10,"Nairobi, KE",197.156.133.140
2025-12-10 09:37:54,admin_kimani,7,9,"Nairobi, KE",197.156.18.68
2025-12-14 15:34:54,receptionist_otieno,10,15,"Nairobi, KE",197.156.211.230
2025-12-14 10:48:54,nurse_wanjiru,18,11,"Nairobi, KE",197.156.126.46
2025-12-21 09:39:54,nurse_wanjiru,13,9,"Nairobi, KE",197.156.126.46
2025-12-09 08:18:54,nurse_wanjiru,13,8,"Nairobi, KE",197.156.54.119
2025-12-15 08:18:54,nurse_wanjiru,10,8,"Nairobi, KE",197.156.237.110
2025-12-13 10:14:54,nurse_wanjiru,19,10,"Nairobi, KE",197.156.119.192
2025-12-22 13:54:54,receptionist_otieno,9,14,"Nairobi, KE",197.156.211.230
2025-12-19 09:44:54,admin_kimani,9,9,"Nairobi, KE",197.156.31.49
2025-12-14 10:56:54,receptionist_otieno,11,11,"Nairobi, KE",197.156.148.146
2025-12-29 16:47:54,admin_kimani,6,17,"Nairobi, KE",197.156.119.192
2026-01-07 16:31:54,dr_kamau,19,16,"Nairobi, KE",197.156.31.49
2025-12-23 12:23:54,admin_kimani,7,12,"Nairobi, KE",197.156.28.231
2025-12-11 11:36:54,nurse_wanjiru,18,11,"Nairobi, KE",197.156.119.192
2025-12-14 16:14:54,dr_kamau,27,16,"Nairobi, KE",197.156.211.152
2025-12-21 16:03:54,dr_kamau,28,16,"Nairobi, KE",197.156.211.152
2025-12-26 07:48:54,dr_kamau,19,8,"Nairobi, KE",197.156.31.49
2025-12-23 14:45:54,admin_kimani,8,14,"Nairobi, KE",197.156.251.160
2026-01-02 13:23:54,nurse_wanjiru,15,13,"Nairobi, KE",197.156.31.49
2025-12-25 08:16:54,dr_kamau,18,8,"Nairobi, KE",197.156.119.192
2025-12-25 09:00:54,nurse_wanjiru,18,9,"Nairobi, KE",197.156.211.230
2025-12-11 11:14:54,dr_kamau,34,11,"Nairobi, KE",197.156.54.119
2026-01-07 12:56:54,admin_kimani,7,13,"Nairobi, KE",197.156.126.46
2026-01-07 15:28:54,dr_kamau,24,15,"Nairobi, KE",197.156.215.59
2025-12-19 07:09:54,nurse_wanjiru,18,7,"Nairobi, KE",197.156.31.49
2025-12-31 16:29:54,admin_kimani,3,16,"Nairobi, KE",197.156.97.176
2025-12-26 10:53:54,admin_kimani,7,11,"Nairobi, KE",197.156.18.68
2025-12-15 13:55:54,nurse_wanjiru,13,14,"Nairobi, KE",197.156.133.140
2025-12-19 10:22:54,receptionist_otieno,8,10,"Nairobi, KE",197.156.148.146
2025-12-18 13:05:54,receptionist_otieno,11,13,"Nairobi, KE",197.156.215.59
2025-12-17 13:26:54,nurse_wanjiru,20,13,"Nairobi, KE",197.156.224.7
2025-12-29 10:13:54,dr_kamau,28,10,"Nairobi, KE",197.156.237.110
2025-12-13 10:10:54,nurse_wanjiru,14,10,"Nairobi, KE",197.156.28.231
2025-12-09 08:36:54,nurse_wanjiru,17,8,"Nairobi, KE",197.156.126.46
2025-12-22 17:44:54,dr_kamau,17,17,"Nairobi, KE",197.156.18.68
2025-12-11 13:49:54,receptionist_otieno,11,14,"Nairobi, KE",197.156.215.59
2025-12-10 13:43:54,nurse_wanjiru,12,13,"Nairobi, KE",197.156.82.166
2026-01-04 08:56:54,admin_kimani,8,9,"Nairobi, KE",197.156.237.110
2025-12-31 12:53:54,nurse_wanjiru,10,13,"Nairobi, KE",197.156.54.119
2025-12-11 13:19:54,receptionist_otieno,13,13,"Nairobi, KE",197.156.99.16
2026-01-06 07:59:54,nurse_wanjiru,12,8,"Nairobi, KE",197.156.126.46
2026-01-03 16:16:54,admin_kimani,7,16,"Nairobi, KE",197.156.97.176
2026-01-07 14:21:54,dr_kamau,23,14,"Nairobi, KE",197.156.211.152
2025-12-17 08:33:54,nurse_wanjiru,12,8,"Nairobi, KE",197.156.119.192
2026-01-07 15:08:54,dr_kamau,28,15,"Nairobi, KE",197.156.133.140
2025-12-21 09:29:54,dr_kamau,23,9,"Nairobi, KE",197.156.97.176
2025-12-18 15:02:54,dr_kamau,26,15,"Nairobi, KE",197.156.211.230
2025-12-15 16:17:54,receptionist_otieno,15,16,"Nairobi, KE",197.156.73.65
2025-12-30 15:32:54,admin_kimani,9,15,"Nairobi, KE",197.156.99.16
2025-12-21 14:10:54,dr_kamau,29,14,"Nairobi, KE",197.156.73.65
2025-12-25 14:53:54,receptionist_otieno,11,15,"Nairobi, KE",197.156.211.152
2026-01-07 13:55:54,nurse_wanjiru,7,14,"Nairobi, KE",197.156.82.166
2026-01-05 15:01:54,admin_kimani,6,15,"Nairobi, KE",197.156.211.152
2025-12-31 08:14:54,receptionist_otieno,9,8,"Nairobi, KE",197.156.237.110
2025-12-19 11:19:54,admin_kimani,6,11,"Nairobi, KE",197.156.133.140
2025-12-15 09:50:54,dr_kamau,15,10,"Nairobi, KE",197.156.97.176
2025-12-09 09:55:54,dr_kamau,23,10,"Nairobi, KE",197.156.224.7
2025-12-11 08:41:54,dr_kamau,19,8,"Nairobi, KE",197.156.251.160
